timestamp,name,x,y,z,qx,qy,qz,qw
4327.141666666666,id_1,0.0,-0.11479686893228,-0.121137341831437,-0.09268797332274915,0.05103977103452801,0.5104912598367018,0.8533478511160624
4327.161180694722,id_1,0.0,-0.11476026093560661,-0.12112874303672595,-0.09233567395509501,0.05158890494759889,0.5100833522818559,0.8535969083393344
4327.180694722779,id_1,0.0,-0.11470039106479407,-0.12110265427671342,-0.0917389706627841,0.05201928959568423,0.5097918247563791,0.8538092586656897
4327.2002087508345,id_1,0.0,-0.11464111924876853,-0.12108055626554312,-0.09104933416646087,0.05234846962638586,0.5095060453559439,0.8540335158653708
4327.219722778891,id_1,0.0,-0.11459261475458785,-0.12107607538985166,-0.09037741769448508,0.05262209791816789,0.509235620674959,0.8542493311775883
4327.239236806947,id_1,0.0,-0.11453118850782941,-0.12108778373424801,-0.08991127842040036,0.0528839772153974,0.5089946880099085,0.8544259210396105
4327.258750835003,id_1,0.0,-0.11448262675252607,-0.12112338461228167,-0.09016214214418364,0.053259931064026454,0.508803897314836,0.8544897670213852
4327.278264863059,id_1,0.0,-0.11445076285256181,-0.12116700774538242,-0.09066316935589167,0.0536532589158776,0.5086182812165603,0.85452265127518
4327.297778891116,id_1,0.0,-0.11442826992155826,-0.12120484847887038,-0.0912981181774042,0.053988838703792265,0.5084826635906192,0.8545146223093376
4327.317292919171,id_1,0.0,-0.114394206487363,-0.12122390218975923,-0.09171721112714797,0.054149625467889706,0.5082950729035979,0.8545711732247183
4327.336806947227,id_1,0.0,-0.11438149131948658,-0.12124644155318322,-0.09199985622664444,0.05425718258955805,0.5082045351638756,0.8545878158683222
4327.356320975284,id_1,0.0,-0.1143704099628651,-0.12126976971940702,-0.0923187015702132,0.054319857872434825,0.50816751066887,0.854571466573576
4327.3758350033395,id_1,0.0,-0.11434935688606354,-0.1212867807585186,-0.0929022493568838,0.05446319265797107,0.5081553554837623,0.8545063296448443
4327.395349031396,id_1,0.0,-0.11430458126578502,-0.12128475230512478,-0.09335266392138127,0.05476635760859682,0.5081814111886072,0.854422366008419
4327.414863059452,id_1,0.0,-0.11423262671938711,-0.12124281654438532,-0.09348876412599363,0.05514785617938109,0.5082820050015208,0.8543231053487005
4327.434377087508,id_1,0.0,-0.11414119275209711,-0.12116323140236365,-0.09336772338713001,0.05558768262289165,0.5084588851881469,0.8542025754136707
4327.453891115564,id_1,0.0,-0.11406607865089588,-0.12103498467396426,-0.09351834083363869,0.05582021141747078,0.5084936869937978,0.8541502175920147
4327.473405143621,id_1,0.0,-0.1139652490913042,-0.1208061381590292,-0.09331617094959482,0.05660398525019792,0.5086661252176554,0.8540180642990861
4327.4929191716765,id_1,0.0,-0.11391359813682847,-0.12051027606298349,-0.0936811040675186,0.05702762398358554,0.5087331033547957,0.8539100247651834
4327.512433199732,id_1,0.0,-0.11391046405315046,-0.12010238832669998,-0.09468537064252479,0.057678007199262644,0.5088415655459001,0.8536909213788133
4327.531947227789,id_1,0.0,-0.1139282637873762,-0.11959448515957351,-0.09564569562564396,0.0579957724348332,0.5087442441450902,0.8536203402785191
4327.5514612558445,id_1,0.0,-0.11391961494676825,-0.11890504000652799,-0.09511273683320648,0.05839050238937124,0.508911866720158,0.8535530612880597
4327.570975283901,id_1,0.0,-0.1139488301119518,-0.11811297773502165,-0.09384037129314514,0.05813071306778643,0.5089789603499355,0.8536716129958253
4327.590489311957,id_1,0.0,-0.11399236145913828,-0.1172380516333251,-0.091166305637764,0.05724153554917744,0.5090181960424022,0.8539980020012182
4327.6100033400135,id_1,0.0,-0.11399453981836981,-0.11624045843254535,-0.08811245163764936,0.05673464953069243,0.5094674275002784,0.8540844898048912
4327.629517368069,id_1,0.0,-0.11406724047835295,-0.1153008427572631,-0.08576779570374475,0.056201275207426335,0.5097495943389583,0.8541900566949064
4327.649031396126,id_1,0.0,-0.11408988382206069,-0.11434198676603519,-0.08425281038296917,0.056258358492656514,0.5099810303675308,0.8541989286504373
4327.6685454241815,id_1,0.0,-0.11419097526507684,-0.11338732909471921,-0.08333320973771835,0.05590997512943181,0.5100488438840044,0.8542715187154646
4327.688059452237,id_1,0.0,-0.11425212732752167,-0.11237707228388201,-0.08076609024615944,0.05610615214163612,0.5104613205954676,0.8542588475012362
4327.707573480294,id_1,0.0,-0.11435108380206888,-0.11139603009705205,-0.0779238650087254,0.05484697246834991,0.5103782792317032,0.8546541364561712
4327.7270875083495,id_1,0.0,-0.11441930715518416,-0.11034383912141174,-0.07471706035038565,0.054957442910407224,0.5109806371839279,0.8545734776977655
4327.746601536406,id_1,0.0,-0.11443640132892371,-0.10929340846646425,-0.07245982364448153,0.05519725611996172,0.5115945056761084,0.8543850997274335
4327.766115564462,id_1,0.0,-0.11451318482386874,-0.10831631843334404,-0.06957919274436364,0.05461792974976577,0.511963081201545,0.8544409992348874
4327.7856295925185,id_1,0.0,-0.11462099075564183,-0.10735858863034549,-0.06730101093744398,0.05431835639001501,0.5124784623205552,0.8543336091618103
4327.805143620574,id_1,0.0,-0.1147318027340342,-0.10643972013149049,-0.0660029177362651,0.054357334781048684,0.5127389490122524,0.8542761059350846
4327.824657648631,id_1,0.0,-0.11482320743708718,-0.10549460536074,-0.06485256423547447,0.05474214522380854,0.5131116972799282,0.8541158168321733
4327.8441716766865,id_1,0.0,-0.11495595165068027,-0.10457734349219178,-0.06479001096484827,0.0546863890378793,0.5131555279437438,0.8540978032251052
4327.863685704742,id_1,0.0,-0.11498419276981521,-0.10351938065637889,-0.06527119499827788,0.05593150319820815,0.5136680375170899,0.8536723524203108
4327.883199732799,id_1,0.0,-0.1151594950788914,-0.10251077617953251,-0.06763951545643512,0.05636979510740362,0.5138520250381609,0.8533483687876537
4327.902713760855,id_1,0.0,-0.11522204885933508,-0.10132243218995753,-0.06859710283510645,0.05764070416518122,0.514293718375963,0.8529208392019729
4327.922227788911,id_1,0.0,-0.11528854990053929,-0.10001354141459204,-0.06829095770779732,0.057925366967518085,0.514571684849418,0.8527584523816001
4327.941741816967,id_1,0.0,-0.11540370811730634,-0.09858542928377877,-0.06676483841575832,0.05709223847519625,0.5148533056393039,0.8527655048895274
4327.9612558450235,id_1,0.0,-0.11546454708200113,-0.09702262552043113,-0.06581755294906637,0.05707137831291044,0.5155017086994017,0.8524487643426195
4327.980769873079,id_1,0.0,-0.11549233043913255,-0.09530074233712992,-0.06469300065462183,0.05727770169853253,0.5164335215342281,0.8519568641604992
4328.000283901135,id_1,0.0,-0.11563476810206974,-0.09355633432781556,-0.0626802045526396,0.05529641082903482,0.5165352859702725,0.8521765059271903
4328.019797929192,id_1,0.0,-0.11562636215388618,-0.09163897171809746,-0.05862321287584056,0.05463216210286064,0.5174109279901505,0.851976864341076
4328.039311957247,id_1,0.0,-0.11574239377599811,-0.08979145350574089,-0.05646707872101191,0.05284832105175872,0.5178384503158937,0.8519752715643565
4328.058825985304,id_1,0.0,-0.11587659515077031,-0.08792881074160444,-0.055019876576324546,0.05125359280499393,0.5182918002073776,0.8518917139190296
4328.07834001336,id_1,0.0,-0.11592968140674005,-0.08594198390129712,-0.05310920157970685,0.051005629582417014,0.5192653650067902,0.8514348590249476
4328.097854041416,id_1,0.0,-0.11602540992322247,-0.08395346468675834,-0.051701997434332396,0.049972975997493556,0.5198957759661358,0.8511979718395857
4328.117368069472,id_1,0.0,-0.11618844001269536,-0.08197790798085296,-0.050964006873807956,0.04845677825111479,0.5201919427502006,0.8511491957011186
4328.1368820975285,id_1,0.0,-0.11639947976186106,-0.08003137272322379,-0.051848518829308764,0.04676846896083751,0.5202428421815801,0.8511591076673606
4328.156396125584,id_1,0.0,-0.11648667919982872,-0.07794636534798238,-0.050753156874845946,0.04659676418278021,0.5205793070189525,0.8510288148697429
4328.17591015364,id_1,0.0,-0.11661824554381121,-0.0759122566678594,-0.04980488409718297,0.04591058236233718,0.5203903182770452,0.851237692181645
4328.195424181697,id_1,0.0,-0.11664598572566395,-0.07374688442529441,-0.04726291926597146,0.045521223863467505,0.5208372600735721,0.8511301799134399
4328.214938209752,id_1,0.0,-0.11679607603944875,-0.07168096083557687,-0.04423256360805927,0.04337396775291701,0.5206965693603711,0.8514911989529712
4328.234452237809,id_1,0.0,-0.11682222079874238,-0.06953885119232703,-0.04030819731587754,0.04246997816027261,0.5210602498963818,0.8515091110270814
4328.253966265865,id_1,0.0,-0.11687738205457837,-0.06738712510161578,-0.03551702799601108,0.04082411169330112,0.521289426925205,0.851662648002585
4328.273480293921,id_1,0.0,-0.11692643675076267,-0.0652720679475897,-0.031068388513266786,0.03855883336531905,0.521607852681195,0.8517471570988701
4328.292994321977,id_1,0.0,-0.11703491959640956,-0.0631780675738622,-0.025409245758564875,0.03603738263377962,0.5220099510992348,0.8517988543290382
4328.312508350034,id_1,0.0,-0.11711452847468581,-0.061119309932866114,-0.02014834673011996,0.0340896702709009,0.5224781001849174,0.8517326888948338
4328.332022378089,id_1,0.0,-0.11715832057458352,-0.059114328892765806,-0.015306299824560731,0.03236050612875758,0.5227895662827122,0.8517098004688599
4328.351536406145,id_1,0.0,-0.11724467866457963,-0.05719087132286651,-0.010028926480081737,0.030666312047185857,0.5232049758579221,0.8515958848988133
4328.371050434202,id_1,0.0,-0.11727686693516316,-0.05531000530887633,-0.00437140914135938,0.028856410141434842,0.523431660118215,0.8515676693967178
4328.390564462257,id_1,0.0,-0.11734052037588635,-0.05345952184013926,-0.00012351480001194755,0.02828686466711924,0.523881473349812,0.8513213493812009
4328.410078490314,id_1,0.0,-0.11737100964110085,-0.05165560718608744,0.003553471733433127,0.02797759812493544,0.524145667652002,0.8511615275160389
4328.42959251837,id_1,0.0,-0.1174189787468176,-0.04991302249871254,0.006712374972786628,0.027763044847287758,0.5244560338008389,0.8509582986098235
4328.449106546426,id_1,0.0,-0.11742200765947763,-0.048188444835901435,0.008804477703774056,0.027794225997855616,0.5252521670156348,0.8504470137633052
4328.468620574482,id_1,0.0,-0.1174498017580296,-0.04649604020449677,0.009823334532657877,0.02747965515105358,0.5257474871194618,0.8501399593237634
4328.488134602539,id_1,0.0,-0.11751245607990138,-0.04486183688596697,0.011011700554459162,0.02769086495405353,0.5261478573539861,0.8498708082119334
4328.507648630594,id_1,0.0,-0.11761485278306502,-0.04327863155116185,0.012958171280667638,0.028171445191895673,0.5266594718941776,0.8495105980133544
4328.52716265865,id_1,0.0,-0.11767391733708932,-0.04154564715374857,0.011517552758515728,0.027726982912910002,0.5271678106532072,0.8492306281618124
4328.546676686707,id_1,0.0,-0.117769257826484,-0.039821968041981196,0.012140142453455415,0.026941542629287055,0.5275191565826034,0.849029039350447
4328.566190714762,id_1,0.0,-0.11789962746678465,-0.03808129177659268,0.012479136713255675,0.02622671325287985,0.5280727877112998,0.8487022808604084
4328.585704742819,id_1,0.0,-0.11798912263029541,-0.03625918164664659,0.012614224607836781,0.025300785210566543,0.5284892784769308,0.8484691120719745
4328.605218770875,id_1,0.0,-0.1181823284762158,-0.034415301649153116,0.01619501674645572,0.024181997033057397,0.5287271548597593,0.8482927255175418
4328.624732798931,id_1,0.0,-0.1183258125042746,-0.03235632637741509,0.01607130816929479,0.02217382416075551,0.5292876724102831,0.8480003504777108
4328.644246826987,id_1,0.0,-0.11841281517403209,-0.03030155041761544,0.018426625252781055,0.020386306658357,0.5297090816869018,0.847734125042188
4328.663760855044,id_1,0.0,-0.11856020979755919,-0.028216563735577262,0.0210557888519087,0.018759426245490617,0.5300571408002098,0.8474928702764823
4328.683274883099,id_1,0.0,-0.11856682480597862,-0.025981521355114272,0.020974154189300192,0.016899774072150764,0.5305597145498215,0.847219494457703
4328.702788911155,id_1,0.0,-0.11874826069277662,-0.023751594069534396,0.025709874535164975,0.01598674479320138,0.5310935232024694,0.846772162954529
4328.722302939212,id_1,0.0,-0.11878144886614,-0.021388794467805464,0.028042552527722545,0.014101599202116316,0.5308622557071428,0.846876629511759
4328.741816967267,id_1,0.0,-0.1188144105369071,-0.018949491141992177,0.028615651320552223,0.01275250948618735,0.5308996540785937,0.8468554040097607
4328.761330995324,id_1,0.0,-0.118961524245065,-0.016568977854376103,0.029732078769214007,0.012081019081063862,0.5308968579735917,0.846828541479202
4328.78084502338,id_1,0.0,-0.11913026829753885,-0.014159299085596643,0.03253523906686481,0.011992498608357757,0.5310559252152628,0.8466269795427924
4328.800359051436,id_1,0.0,-0.11914278819794308,-0.011742908773687409,0.03460244814773965,0.01164455201020344,0.5305640425608165,0.8468582359121206
4328.819873079492,id_1,0.0,-0.11901829684569691,-0.009390638779822737,0.038009523299351276,0.012124282994140718,0.5303986484891438,0.8468090408004181
4328.839387107549,id_1,0.0,-0.11883028915323562,-0.006986749154211951,0.04194549825633612,0.011416820052562362,0.5302832739116493,0.8467053093051076
4328.858901135604,id_1,0.0,-0.11867695490431077,-0.004607412865890262,0.04622392814719843,0.010185150448840621,0.5307771664594266,0.8461886378002716
4328.87841516366,id_1,0.0,-0.11855120467125023,-0.0022579138629724165,0.05012385461872644,0.008292624860027315,0.5313750345699098,0.8456118519787426
4328.897929191717,id_1,0.0,-0.11835064881670328,0.00017150787092612047,0.05010571676149169,0.005823268254685884,0.5322006724633063,0.8451141644323894
4328.917443219772,id_1,0.0,-0.11844695632584716,0.002470854824653452,0.053838719560246336,0.0041656114701820535,0.5323223576463227,0.8448177007538687
4328.936957247829,id_1,0.0,-0.11862515034394074,0.004799044820467402,0.05702114695599843,0.001978094231887772,0.5320379587438354,0.8447960028306983
4328.956471275885,id_1,0.0,-0.11889992961669275,0.00712975620610188,0.05916928043557925,-4.266579745537028e-05,0.5318827328950247,0.8447483370096004
4328.975985303941,id_1,0.0,-0.11923256621931518,0.009470317349074593,0.06105869835686263,-0.0015211805517222655,0.5313980524183994,0.844917529259884
4328.995499331997,id_1,0.0,-0.11947648297034356,0.011771027591319216,0.06307566586282502,-0.0027312188914559448,0.5312898133105083,0.8448343832324852
4329.015013360054,id_1,0.0,-0.119547968385705,0.01413683712379884,0.06499529551842442,-0.0031729020094007345,0.5317945390730998,0.8443696539225819
4329.034527388109,id_1,0.0,-0.1195509238922552,0.01648566564789174,0.06715519054025317,-0.004365196345888235,0.5325403278116745,0.8437250290815121
4329.054041416165,id_1,0.0,-0.11957379364788727,0.018879262611947254,0.07012766032301679,-0.006048120668140158,0.5329673694372907,0.8432030091319039
4329.073555444222,id_1,0.0,-0.1195968410700006,0.021270853838490516,0.07325130902151519,-0.0077799124905209805,0.5330799783034526,0.8428519771705261
4329.093069472277,id_1,0.0,-0.11960823788336754,0.023685197021722386,0.07591618949192719,-0.009756048133538416,0.5334082274290015,0.84238780535386
4329.112583500334,id_1,0.0,-0.11960593749577335,0.026108513446109025,0.07809806009734395,-0.011498463090315061,0.5338856013119907,0.8418637912794008
4329.13209752839,id_1,0.0,-0.11959299481819095,0.028541758882614246,0.08002744891218813,-0.0131719650832204,0.534133247163643,0.8415009097029404
4329.151611556446,id_1,0.0,-0.1195792542758767,0.031005471308162745,0.08231407883933645,-0.014820640662893025,0.534499129118403,0.8410204646777876
4329.171125584502,id_1,0.0,-0.11952028312719638,0.03348789127293172,0.0848372362178381,-0.016870742006544908,0.534694294991577,0.8406069428207977
4329.190639612559,id_1,0.0,-0.11946534844651502,0.03598841096587726,0.08898939845322903,-0.018761161933638228,0.5349173299251604,0.8399954499350395
4329.210153640614,id_1,0.0,-0.11933338602003847,0.03857850790617733,0.0916337900463977,-0.020915874617853367,0.5351924629626208,0.839484843400229
4329.22966766867,id_1,0.0,-0.11931608862282066,0.04104608356818608,0.09508172597976004,-0.02457048058379673,0.5347863082128222,0.8392611997564832
4329.249181696727,id_1,0.0,-0.11921321208315708,0.043645139733612524,0.09866248077329755,-0.027148131067060346,0.5346626234453989,0.8388471690109636
4329.268695724782,id_1,0.0,-0.11901538135614305,0.04635589283448422,0.10276190165366535,-0.029408389015734053,0.53421894180296,0.8385614231783783
4329.288209752839,id_1,0.0,-0.11881510083622107,0.049100126927834574,0.10765991846075976,-0.032181992381935205,0.5335395697397155,0.8382775130261524
4329.307723780895,id_1,0.0,-0.11870215549773656,0.05181729306091085,0.11317931528445598,-0.035634184983308614,0.5325564593261496,0.838035956914924
4329.327237808951,id_1,0.0,-0.1185722639365068,0.05451057363321111,0.11817313511002425,-0.03949796717777396,0.5311238679823205,0.8380826078535397
4329.346751837007,id_1,0.0,-0.11840218031632814,0.05714435398918436,0.12264643637379091,-0.04303252026809748,0.5296020459503644,0.838228922651428
4329.366265865063,id_1,0.0,-0.1182550458315561,0.05974898012640468,0.12682623238253024,-0.045694679276077496,0.5278813527374224,0.83855135829454
4329.385779893119,id_1,0.0,-0.1181382985302097,0.06229915291261275,0.13059577437889772,-0.04774249736039736,0.5262779854980827,0.8388664253862164
4329.405293921175,id_1,0.0,-0.11810534308992443,0.06471183953182613,0.13284038490364536,-0.04971523833719851,0.5250144259204231,0.83919108657753
4329.424807949232,id_1,0.0,-0.11784180475111627,0.0671906780501278,0.13544195610427034,-0.049753844525359484,0.5241879882727724,0.8392895712637798
4329.4443219772875,id_1,0.0,-0.1176275174985255,0.06957964140815948,0.13762176729114767,-0.049701278791612256,0.524144216495609,0.838965358264776
4329.463836005344,id_1,0.0,-0.1173675715424014,0.07187855895125014,0.14029122130014687,-0.050013001141229495,0.5245811105874307,0.8382313113680606
4329.4833500334,id_1,0.0,-0.11714228799343804,0.07408795297420803,0.14263235589256035,-0.05083091631036955,0.52491741812719,0.8375762252752111
4329.502864061456,id_1,0.0,-0.11691750992437376,0.07622762080190833,0.14582850344018072,-0.051582527679725265,0.5252804282462332,0.8367519119332931
4329.522378089512,id_1,0.0,-0.11666344343249828,0.07830930234869851,0.14928727157721117,-0.05232248108314017,0.5254694684475261,0.8359769771039218
4329.541892117568,id_1,0.0,-0.11647124055416122,0.08026589315279427,0.15266641852485985,-0.05322046572149708,0.52505408131011,0.8355709176262514
4329.5614061456245,id_1,0.0,-0.11626300438797384,0.08217267592134593,0.1556710869022822,-0.053764202713705134,0.5247902320978884,0.8351473735238986
4329.58092017368,id_1,0.0,-0.11608227786624033,0.08401259832600123,0.15824767823079008,-0.05445159330887109,0.5246558595994167,0.8347028964300333
4329.600434201737,id_1,0.0,-0.11588532691072595,0.08578573939966806,0.16045755064434875,-0.05511800648240764,0.5246486887071228,0.8342416515857489
4329.6199482297925,id_1,0.0,-0.11570707298116276,0.08752129583615356,0.16272052487330613,-0.05579963539301711,0.5246474737211301,0.8337586340140642
4329.639462257849,id_1,0.0,-0.1155528574745135,0.08922325155689527,0.16429294082221968,-0.0562677908571064,0.5242988560392544,0.8336380958569354
4329.658976285905,id_1,0.0,-0.11538377038324177,0.09088191167514431,0.16533763963971682,-0.05688269970955802,0.5242167213275328,0.8334414511366298
4329.678490313961,id_1,0.0,-0.11518164330127552,0.09251996688068152,0.1659597493807148,-0.05751665548136093,0.5243871254643683,0.833167053222189
4329.698004342017,id_1,0.0,-0.11494902059083195,0.09414036508434413,0.16623566190391453,-0.05795232941421477,0.524703096439676,0.8328828806101432
4329.717518370073,id_1,0.0,-0.11472876701808693,0.09574209688977156,0.1663160313743406,-0.05861504809310706,0.5248550090657009,0.8327247284088394
4329.7370323981295,id_1,0.0,-0.11445019582227445,0.097317215006168,0.1670431011319645,-0.05933285484203955,0.5251515018455132,0.8323413451282542
4329.756546426185,id_1,0.0,-0.11416850951740039,0.09885775881853703,0.1676468688653866,-0.06012480418462941,0.5253901174440595,0.8320124757318903
4329.776060454242,id_1,0.0,-0.11382087197482352,0.10036359632350648,0.16841901928533728,-0.06101947640070584,0.5256934917797867,0.8315996693981571
4329.7955744822975,id_1,0.0,-0.11342522025362929,0.10181915572022851,0.16983729548695195,-0.06208962086026028,0.5259659650754,0.8310595499874903
4329.815088510354,id_1,0.0,-0.11295026579845034,0.10321546269912124,0.1713732398114905,-0.06361804828253888,0.5262784032401234,0.8304306105221917
4329.83460253841,id_1,0.0,-0.1124118542178945,0.10452173426108417,0.17269762256051382,-0.06509644714993244,0.5267085260617993,0.8297687101260263
4329.8541165664665,id_1,0.0,-0.11184406931102574,0.10579130322280558,0.17534088106101559,-0.06704800204340851,0.526812293137113,0.8289927313615908
4329.873630594522,id_1,0.0,-0.11120336667734326,0.10692910776472452,0.1777055996698201,-0.06908668343011257,0.5270388621897191,0.8281773890661249
4329.893144622578,id_1,0.0,-0.1105265422990098,0.10797764355290868,0.18015004750591024,-0.07108978055715819,0.5268650736407064,0.8275901145262226
4329.9126586506345,id_1,0.0,-0.10979638336001597,0.10892392828636852,0.18192544404938643,-0.07284866255284249,0.5268353703254861,0.8270675291327207
4329.93217267869,id_1,0.0,-0.10905237489921546,0.10973804767287457,0.18373297784839765,-0.07432556002287287,0.5267489179480213,0.8265914839984958
4329.951686706747,id_1,0.0,-0.10824382159427913,0.1104246928083381,0.1850039566740071,-0.0755132259225222,0.5266991714099483,0.826231972004116
4329.971200734803,id_1,0.0,-0.10741205556448358,0.11096914833533472,0.18612199834730356,-0.07652143120750085,0.526541371807675,0.8259886537187141
4329.990714762859,id_1,0.0,-0.10652720205675285,0.11137135720198199,0.18738723509276892,-0.07741375708782808,0.5263426358441048,0.8257460651014418
4330.010228790915,id_1,0.0,-0.10559368405884341,0.11157284098505536,0.1868846529474563,-0.0776705596526047,0.5263551470448858,0.8258278693743127
4330.0297428189715,id_1,0.0,-0.10462480415620938,0.1116868379577568,0.18765871863436484,-0.07832214383926274,0.5261862739225911,0.8256984027115409
4330.049256847027,id_1,0.0,-0.10362212443300936,0.1116123117628861,0.18827171222749073,-0.07896430652649741,0.5260879098258264,0.8255603623023646
4330.068770875083,id_1,0.0,-0.10258561808092923,0.111436443937029,0.1882714101375304,-0.0790091909204401,0.525887314837819,0.8256839322450159
4330.0882849031395,id_1,0.0,-0.10149954849872118,0.11115805213311729,0.18855503568721252,-0.07880632420517573,0.5255829502782031,0.8258323826050434
4330.107798931195,id_1,0.0,-0.10042927334391072,0.11071628255824208,0.18856083351513456,-0.07870052229069883,0.5251601184799243,0.8261100954554428
4330.127312959252,id_1,0.0,-0.09937031119092485,0.11015017540476874,0.18818385862175482,-0.07832859994546501,0.5245386295445609,0.8266260895352413
4330.146826987308,id_1,0.0,-0.0983189376949644,0.10945080768346616,0.18730561576305732,-0.07769288162809392,0.5236543163747125,0.8274458165886619
4330.166341015364,id_1,0.0,-0.09731204726707769,0.10863748895122248,0.1861350141270174,-0.07730861419326622,0.5224564752416755,0.8285024841033951
4330.18585504342,id_1,0.0,-0.0962931455608424,0.1077927056502157,0.18635076602131312,-0.07710252668426433,0.5208543474571322,0.8294813687583208
4330.2053690714765,id_1,0.0,-0.09529370854347628,0.10681200596311081,0.1851944693216978,-0.0768097172884664,0.5192572968306234,0.830767798816778
4330.224883099532,id_1,0.0,-0.09430217554281413,0.10574522597764573,0.18250188601561967,-0.0759160162857368,0.5178918733967335,0.8322967184494167
4330.244397127588,id_1,0.0,-0.09328028730275902,0.10458442248716839,0.1780216907411238,-0.07437824934882455,0.5169613908674112,0.8339826580942241
4330.263911155645,id_1,0.0,-0.0922803583457414,0.1033922434457557,0.17472414407393025,-0.0733585967149404,0.5158930917173506,0.8354306121300323
4330.2834251837,id_1,0.0,-0.09126146552236176,0.10213130488063839,0.16956625408856466,-0.0719174356827941,0.5149010899034523,0.8372287832697944
4330.302939211757,id_1,0.0,-0.09025342612278905,0.10086256266350473,0.16464609101439776,-0.0701241023060905,0.513854089120067,0.8390043206587378
4330.322453239813,id_1,0.0,-0.08927266848240815,0.09953748215661776,0.15983895232119857,-0.06848199251157525,0.5126785492365785,0.8407867929357499
4330.341967267869,id_1,0.0,-0.08829846470040152,0.09818505229117543,0.1550017980734229,-0.06741919606926049,0.5116585355431352,0.8423981467223411
4330.361481295925,id_1,0.0,-0.08731366562664719,0.09679231849697426,0.15104702566420455,-0.06668055738845799,0.5105973682555487,0.8438180057541256
4330.380995323982,id_1,0.0,-0.08629205096158718,0.09537809285785832,0.1474655428317547,-0.06597906273233842,0.5094973863907708,0.8451704503940444
4330.400509352037,id_1,0.0,-0.08529848573399912,0.0939151849213633,0.1436790015512329,-0.0654740102032293,0.5082468765384486,0.8466136137519048
4330.420023380093,id_1,0.0,-0.08433603784157166,0.09242803130455447,0.14044384118549522,-0.06530331057215637,0.5066187076225604,0.8481441446996062
4330.43953740815,id_1,0.0,-0.08339135580180387,0.09090424288325397,0.13727215966520884,-0.06494916390100003,0.504580489742881,0.8499038120047732
4330.459051436205,id_1,0.0,-0.08246838119614253,0.08936234074829269,0.13477297152588802,-0.06510966475518686,0.5018764238493787,0.8518902704490222
4330.478565464262,id_1,0.0,-0.08156066878074296,0.08779066932496285,0.13187906041391886,-0.06544812518729058,0.4989654097599985,0.854024575874048
4330.498079492318,id_1,0.0,-0.08069335707220072,0.08618250400935026,0.1285852957158072,-0.06536667138461734,0.496107410124464,0.8561953384697739
4330.517593520374,id_1,0.0,-0.07983107557291926,0.08457493851558513,0.1250902366011303,-0.06490412822928156,0.4934798781263537,0.8582642347961783
4330.53710754843,id_1,0.0,-0.07897173955662296,0.082913932462676,0.12128749997552082,-0.0642923947761593,0.490921165006422,0.8603210098982658
4330.556621576487,id_1,0.0,-0.0780997093927913,0.08124502176044537,0.11608103430405911,-0.06378174811896449,0.48860333892148333,0.8623942597655477
4330.576135604542,id_1,0.0,-0.0771104633760297,0.07954164844338396,0.11289830936395764,-0.06279917994037226,0.48667313265394246,0.8639788751435854
4330.595649632598,id_1,0.0,-0.0761384478256061,0.07783256742334829,0.10972192246653815,-0.06204893134748714,0.4846033086606256,0.8656042184994573
4330.615163660655,id_1,0.0,-0.07510709892597657,0.07611097917242245,0.1069309620621083,-0.061306869079494,0.4826237926591935,0.8671110147584321
4330.63467768871,id_1,0.0,-0.07402633438481226,0.07439107601432814,0.1027531765614381,-0.06009117755117789,0.4808100305215677,0.8687074016243307
4330.654191716767,id_1,0.0,-0.07294546061674954,0.07265437051340007,0.0985048193193032,-0.05828125160986213,0.4790255360579426,0.8703072055809145
4330.673705744823,id_1,0.0,-0.07188731377723484,0.07093092241664947,0.09350021850550606,-0.05631147948380341,0.4773874679580777,0.8718875683563468
4330.693219772879,id_1,0.0,-0.0708346089279065,0.06924579288116495,0.08946993079367943,-0.054415959392465595,0.475763916975534,0.873317084541044
4330.712733800935,id_1,0.0,-0.06975180516263386,0.06760300553967627,0.0865636229502572,-0.05291207333542913,0.47407787436959076,0.8746183285926968
4330.732247828991,id_1,0.0,-0.0686527119592998,0.06599991533319734,0.08372843009899562,-0.05135966445524662,0.4724205402330295,0.8758827364585597
4330.751761857047,id_1,0.0,-0.06755012334052443,0.06447103479832045,0.08026886247009452,-0.04961518572045836,0.4709005729087555,0.8771247878710802
4330.771275885103,id_1,0.0,-0.06652423303803663,0.06295461020978195,0.0784275871954761,-0.04807334876563779,0.46913559597677906,0.8783221842198146
4330.79078991316,id_1,0.0,-0.06546651470902216,0.06149661849124136,0.07477643729955023,-0.046664512523581586,0.46754031841674604,0.8795663467587255
4330.810303941215,id_1,0.0,-0.06446499596687036,0.06010361191221164,0.072449165259776,-0.045135824241773426,0.46594882921763536,0.880684713375844
4330.829817969272,id_1,0.0,-0.06349889688717547,0.05876682696742698,0.07041370594693254,-0.0434745850937163,0.4643500813414788,0.8817771103991701
4330.849331997328,id_1,0.0,-0.06253236028367247,0.0574527718418102,0.068420769236984,-0.04202116976033093,0.46292548433410835,0.8827529754030988
4330.868846025384,id_1,0.0,-0.0615971670909766,0.05616521823294108,0.066296518755465,-0.041073270692592444,0.46129136090745776,0.8838144818838765
4330.88836005344,id_1,0.0,-0.060668836881734814,0.05491771406899981,0.06404092700129663,-0.04011193323660605,0.46006122401817734,0.8846657349732345
4330.907874081496,id_1,0.0,-0.05974707501582976,0.053707785720038065,0.06233538505104253,-0.03978939228903495,0.45889562868793726,0.8854071978490522
4330.927388109552,id_1,0.0,-0.05886600205006402,0.052521138702689166,0.061208828705089445,-0.039712547243117936,0.45783467432878305,0.886038263204401
4330.946902137608,id_1,0.0,-0.05802274157989632,0.05133321786805394,0.06060828488334864,-0.03992450729350886,0.45679035261012146,0.8866088445775794
4330.966416165665,id_1,0.0,-0.05719227945113388,0.05012927381934412,0.0595467989722534,-0.04000404727049718,0.4561798891859932,0.8869914112528897
4330.98593019372,id_1,0.0,-0.056382011602076745,0.04896512879333516,0.05797906165030159,-0.04117157728961632,0.4558086553204208,0.887232663605565
4331.005444221777,id_1,0.0,-0.055593025020745535,0.04774217965506821,0.05702364264487384,-0.04218901334738747,0.4556783190728074,0.8873137330500775
4331.024958249833,id_1,0.0,-0.05485549583546704,0.0465469514213774,0.05501003598402647,-0.04314725448795131,0.4553317148813342,0.887572667331758
4331.044472277889,id_1,0.0,-0.05414161396891302,0.04528021733875948,0.05275011751562166,-0.0439793359466638,0.4550609773794689,0.8878078339247865
4331.063986305945,id_1,0.0,-0.05346631833636249,0.043986920099983326,0.050823524741492,-0.04483132053944141,0.4546710205307222,0.8880773531180111
4331.083500334001,id_1,0.0,-0.0527668905664295,0.04268573302360012,0.047900241690702214,-0.045957551332332286,0.45433158174044447,0.8883559445147728
4331.103014362057,id_1,0.0,-0.052094769290277496,0.04132916679816783,0.04523504963848754,-0.046653948701884426,0.4542053890482802,0.8885238679485352
4331.122528390113,id_1,0.0,-0.05143851819085153,0.039941244051694996,0.04348279940007017,-0.047224336355963376,0.45410307139014877,0.8886335064390187
4331.14204241817,id_1,0.0,-0.050846980171244734,0.038479909764708706,0.04225793231207838,-0.04837272712922318,0.4539978156586057,0.8886846064853403
4331.161556446225,id_1,0.0,-0.05024197668326121,0.03703269546975331,0.04071091883799891,-0.04962918329796016,0.45388183241466873,0.8887467847798078
4331.181070474282,id_1,0.0,-0.04960812930239522,0.0355557164186371,0.04022484615732861,-0.05053395516275403,0.4536987085583417,0.8888114327458446
4331.200584502338,id_1,0.0,-0.04891299138422816,0.03407184641929707,0.03897552677664211,-0.05102652968268676,0.4534303196063273,0.8889758977850463
4331.220098530394,id_1,0.0,-0.04818573769671978,0.03254384154288765,0.03810732548168638,-0.05116715835938936,0.45312650924810083,0.8891603456445237
4331.23961255845,id_1,0.0,-0.04742538250145134,0.03096101938876843,0.037565618289564104,-0.050713248750621456,0.45281099432739735,0.889370110887427
4331.259126586506,id_1,0.0,-0.04657767027857319,0.029364193720880366,0.0363771981821796,-0.049622138845111415,0.4528235702573971,0.8894746522572722
4331.278640614562,id_1,0.0,-0.04573242250313446,0.02774631636221527,0.0363465189307699,-0.04877215712197824,0.4530121788496012,0.8894268789873743
4331.298154642618,id_1,0.0,-0.044828618861544836,0.026118053181317293,0.03685834293959845,-0.04765571507900096,0.4535990020233809,0.8891672175352897
4331.317668670675,id_1,0.0,-0.04386004363632769,0.024528337248814303,0.03544466183518002,-0.046465985988358764,0.45380230060203064,0.8891839292642573
4331.33718269873,id_1,0.0,-0.04288278103073501,0.022903472979781108,0.03432187907172405,-0.04519828120816331,0.45405047175881197,0.8891666284158521
4331.356696726787,id_1,0.0,-0.04191943752656038,0.02129345003546855,0.033855160619749906,-0.04387398329978316,0.4548902571988619,0.8888215544159438
4331.376210754843,id_1,0.0,-0.040892991266631554,0.019701834898943327,0.03135473269275462,-0.042319615340050826,0.45567456250054866,0.8885868691271381
4331.395724782899,id_1,0.0,-0.03995298091462336,0.01808771751794395,0.03041987677242037,-0.040403975583945914,0.4567473937792249,0.8881576257230743
4331.415238810955,id_1,0.0,-0.03897807298250697,0.0164765071105268,0.02838821309630644,-0.03869791511257377,0.4570826278495027,0.8881283983981887
4331.434752839011,id_1,0.0,-0.037963457211597544,0.014978522265301317,0.025845287398782064,-0.037482054602609255,0.4571484806289049,0.8882242866307616
4331.454266867067,id_1,0.0,-0.037009150510687906,0.013494904632527848,0.02461948613448781,-0.03654513255099973,0.45750127544045505,0.8881164997677166
4331.473780895123,id_1,0.0,-0.03600606692944602,0.01197317614859416,0.022091868295002287,-0.035726146179841156,0.45805160889063873,0.8879326074804722
4331.49329492318,id_1,0.0,-0.03503610280151644,0.010514300426648202,0.02047821302577876,-0.03510261165886581,0.458115853426872,0.8879630140298449
4331.5128089512355,id_1,0.0,-0.03410679776832665,0.009052275454983424,0.019549902534362774,-0.035159546771085654,0.4577652087283626,0.8881624971026573
4331.532322979292,id_1,0.0,-0.0331305562050108,0.007624590728319526,0.018311637301846987,-0.0358288262701161,0.4575779830839719,0.8882586158007341
4331.551837007348,id_1,0.0,-0.03213532367730432,0.006162715053535591,0.017452231040965424,-0.03712163687131965,0.45730060160599295,0.8883656699121616
4331.571351035404,id_1,0.0,-0.031063573419438908,0.004785157462716411,0.016038039545960458,-0.03789475843135843,0.4568289168747738,0.8886023347245787
4331.59086506346,id_1,0.0,-0.02999148335299561,0.003405320715919292,0.014841247232608252,-0.03827346912060172,0.4559684136522297,0.8890487527090538
4331.610379091516,id_1,0.0,-0.028887687021066217,0.002026231439954862,0.013838663546380655,-0.038327637482443555,0.455619452557309,0.8892414734185775
4331.629893119572,id_1,0.0,-0.02777915814503862,0.0006546212234226246,0.013085569616138755,-0.037697538028159366,0.4557670724594148,0.8892041605594361
4331.649407147628,id_1,0.0,-0.026672771613039565,-0.0007451321240090768,0.01329130545767517,-0.03734420710293444,0.4555531569007451,0.8893256280085766
4331.668921175685,id_1,0.0,-0.025566264630460633,-0.0021301997419132203,0.014613399825712213,-0.036945415985737716,0.45598630875946505,0.889099528178422
4331.6884352037405,id_1,0.0,-0.02445754276069465,-0.0034748610481801375,0.016403565639175867,-0.03707387404618939,0.45599440218539544,0.8890588034956475
4331.707949231797,id_1,0.0,-0.023380636497866647,-0.004832410312634706,0.018582890950888598,-0.036999589815357496,0.45608582342311643,0.8889721189046711
4331.727463259853,id_1,0.0,-0.022274396437164213,-0.006147474078644043,0.021141793932363446,-0.036479660460595933,0.45595075955618936,0.8890057163945209
4331.746977287909,id_1,0.0,-0.021182204421717244,-0.007468039987616975,0.023981145884467977,-0.0358173017387746,0.4560412820035947,0.8889141548241536
4331.766491315965,id_1,0.0,-0.020151698502905935,-0.008754474516687314,0.026086509942530485,-0.034705992452951515,0.4561731350783129,0.8888312882204908
4331.786005344021,id_1,0.0,-0.01912252200467052,-0.010038021695144127,0.026363580326755443,-0.03338229059606455,0.4564249680579266,0.8887445261942463
4331.8055193720775,id_1,0.0,-0.01813113212440398,-0.011308429114638092,0.026705753266628055,-0.03127931007145501,0.45629093633373774,0.888879625665701
4331.825033400133,id_1,0.0,-0.017099143592906877,-0.01258276045464002,0.026226818687295397,-0.028823429480883653,0.4565938817104637,0.8888213493605311
4331.84454742819,id_1,0.0,-0.016166151319300225,-0.013842766343342482,0.026112301711481864,-0.026364165775851118,0.4567507123799185,0.8888204909894399
4331.8640614562455,id_1,0.0,-0.015281725841132705,-0.015147577037841465,0.025498686768643284,-0.024744086255017096,0.45755665599093165,0.8884702886010738
4331.883575484302,id_1,0.0,-0.014376981577197858,-0.01645378336535644,0.024549991850630958,-0.023809804047212037,0.4584767739867551,0.8880481061553283
4331.903089512358,id_1,0.0,-0.013566917915568686,-0.017797866533473546,0.023504404417330125,-0.024039758947468185,0.45888743102872537,0.8878580734591486
4331.9226035404145,id_1,0.0,-0.01277871182059065,-0.019169739388963332,0.02159577809495185,-0.024205559769958584,0.45888721245664665,0.8879021564837339
4331.94211756847,id_1,0.0,-0.011986721810484038,-0.0205449423706008,0.018092833943156316,-0.02315614578347512,0.4589714284540225,0.8879649036618701
4331.961631596526,id_1,0.0,-0.01124768523501236,-0.021933392804849176,0.013583988092655057,-0.021021999373830327,0.4589115233227698,0.8881293625206861
4331.9811456245825,id_1,0.0,-0.010633736358778425,-0.02334030672360592,0.00952847956150559,-0.018586650494733303,0.458600317013338,0.8883971486536292
4332.000659652638,id_1,0.0,-0.010011596070658258,-0.024736619873297387,0.00606131272904796,-0.015779547753943014,0.45884239435416674,0.8883568672014739
4332.020173680695,id_1,0.0,-0.009421249155357974,-0.026139055204433367,0.00370867431454416,-0.012836345007520825,0.45889758323521646,0.8883886998845462
4332.0396877087505,id_1,0.0,-0.008794709522847732,-0.02750913420934963,0.001745193709000451,-0.009871027935387524,0.4586581020577322,0.8885562798850818
4332.059201736807,id_1,0.0,-0.008193569114208724,-0.02887816682616958,0.0001022318261461895,-0.00722686869369794,0.458251611531053,0.8887931269124052
4332.078715764863,id_1,0.0,-0.007634220570579739,-0.03020706004951393,-0.0014535752495661214,-0.004825593788656585,0.45770452158478947,0.8890900807479631
4332.098229792919,id_1,0.0,-0.007111591086769732,-0.031517327077735816,-0.0026274938618729353,-0.002857618318541946,0.45695355426900747,0.8894820849991711
4332.117743820975,id_1,0.0,-0.006591758918509051,-0.03280108861441158,-0.002833469213638083,-0.0016052409274554694,0.45609706573726644,0.8899240761321361
4332.137257849031,id_1,0.0,-0.0060810038667926955,-0.03405754707369538,-0.002460471552152561,-0.0008043950009285016,0.45536332045465605,0.8903019405869752
4332.1567718770875,id_1,0.0,-0.005583515683359387,-0.03529469871652864,-0.0023277854227130163,-0.00020854065467243216,0.45464155390720135,0.8906714295331735
4332.176285905143,id_1,0.0,-0.0051022116455133985,-0.03654119185347123,-0.0019254610313277926,0.0001595594156787605,0.4539537157706931,0.8910231708988215
4332.1957999332,id_1,0.0,-0.004629284713166289,-0.03779376806768863,-0.0009776405558787826,8.295988147727917e-05,0.45328550895086683,0.8913648437714803
4332.215313961256,id_1,0.0,-0.004182275063599178,-0.03905912604840363,0.00029681447957333033,-0.00039877158210988766,0.452904068049268,0.8915591163948772
4332.234827989312,id_1,0.0,-0.0037644099205896677,-0.04036172803930414,0.0013173608322959722,-0.0009544062278392312,0.4526582374532642,0.8916826081823589
4332.254342017368,id_1,0.0,-0.0033729360685336397,-0.04168163969314525,0.0016818250505430306,-0.001382760588575672,0.4524208768549104,0.8918018892239958
4332.273856045424,id_1,0.0,-0.0030145220226034486,-0.043001802298267236,0.0008089773845002134,-0.001463200954540505,0.4522345610148301,0.8918974752864155
4332.29337007348,id_1,0.0,-0.002651272664717748,-0.0443323802624155,-0.0009662128384410472,-0.0007844169397798672,0.4520900303732146,0.8919714432424176
4332.312884101536,id_1,0.0,-0.0022477392287563163,-0.045641886381092144,-0.0030990291810882387,-1.153024851016253e-05,0.4520273295995704,0.89199870469652
4332.332398129593,id_1,0.0,-0.0018293518709943234,-0.04691391705843145,-0.0051125858385938526,0.0009944785218706496,0.45205292085692095,0.8919759129165086
4332.351912157648,id_1,0.0,-0.001390188060904709,-0.048132599030927585,-0.007228240361203406,0.002222567960669138,0.45202783593797285,0.8919717754896587
4332.371426185705,id_1,0.0,-0.000946572753790174,-0.04930490732898136,-0.008966984757308035,0.0036281244769708594,0.45194048284325544,0.8919956445322741
4332.390940213761,id_1,0.0,-0.0005046594701883968,-0.050407844506650014,-0.009982796522544118,0.004953293277361119,0.4517515241448354,0.8920741948358983
4332.410454241817,id_1,0.0,-7.428787709063774e-05,-0.05145019793525376,-0.010156286099670548,0.005684432507850855,0.45164043043446694,0.8921241273929849
4332.429968269873,id_1,0.0,0.00031834631356525883,-0.05243424189680836,-0.009796317759425122,0.005648950327803441,0.45138565107462203,0.8922573146365851
4332.449482297929,id_1,0.0,0.0006556849647339366,-0.053378597646252794,-0.009454802361357931,0.005432745707422842,0.45118281353739825,0.8923649257758082
4332.468996325985,id_1,0.0,0.0009878856272154842,-0.054282057350854715,-0.009670875349215138,0.005031203277488751,0.45080479212141944,0.8925559929572623
4332.488510354041,id_1,0.0,0.001306285256387849,-0.055181074140272096,-0.009843200221984514,0.005006402208832202,0.4504815047528774,0.8927174587863154
4332.508024382098,id_1,0.0,0.0016019722052826525,-0.056073669456876356,-0.010771202112577158,0.0054970304253655275,0.45077314549120073,0.8925566285483075
4332.527538410153,id_1,0.0,0.0019505433190870165,-0.05698217543925746,-0.011166886595329793,0.005924298759211143,0.45073800918539575,0.89256677643948
4332.54705243821,id_1,0.0,0.0023063251577396158,-0.057896994036837,-0.012209587852343131,0.006740028844921356,0.450914604425455,0.8924581320664186
4332.566566466266,id_1,0.0,0.0027228585084565805,-0.05886991603800011,-0.013657483925170666,0.007970873753552186,0.45114949884098615,0.8923082808088053
4332.586080494322,id_1,0.0,0.0031503377153968507,-0.059825912912039446,-0.015066996130426679,0.009672090233878387,0.45122411085312913,0.8922310452359952
4332.605594522378,id_1,0.0,0.0036262492602685457,-0.060812776168583375,-0.01648628916179835,0.011453756747533593,0.45102365439926445,0.8922862079503273
4332.625108550434,id_1,0.0,0.004109664278256631,-0.06176546018265646,-0.017016230397107625,0.01328589038746192,0.449804607979257,0.8928660300741159
4332.64462257849,id_1,0.0,0.004596004990198381,-0.06277788497709809,-0.01760620837524615,0.015952650520057066,0.4490038256800193,0.8932139155279317
4332.664136606546,id_1,0.0,0.005164583858568304,-0.06374628941992141,-0.01862026631731539,0.01903552309341992,0.44774074289390375,0.8937668385522296
4332.683650634603,id_1,0.0,0.005715181645670597,-0.06473520174051474,-0.019011244739350983,0.022406178268867736,0.44680959871705145,0.8941463628753135
4332.703164662658,id_1,0.0,0.006332062268284504,-0.06569322025154606,-0.01821919417462804,0.025593013189278854,0.44549435781657976,0.8947333881068226
4332.722678690715,id_1,0.0,0.006926984918628559,-0.06663545566247497,-0.018102509680191163,0.02842021242412624,0.4441325197914304,0.8953272561096087
4332.742192718771,id_1,0.0,0.0075423124905940435,-0.0675068607482795,-0.019380912314275495,0.030877947298454445,0.44288914561374615,0.895834882836132
4332.761706746827,id_1,0.0,0.00815591480606082,-0.06829409604352067,-0.020961148098562737,0.03224667431943916,0.4410224266570638,0.8966716240916968
4332.781220774883,id_1,0.0,0.008792558559399437,-0.06886589102838102,-0.022367745860378027,0.03475400596921748,0.4400159746655606,0.8970383409048546
4332.800734802939,id_1,0.0,0.00939495011705779,-0.06936797265982715,-0.0242612933397103,0.036629802633213464,0.43872671434779087,0.8975458302070867
4332.820248830995,id_1,0.0,0.010077182903429183,-0.06970145269968767,-0.026065555072891388,0.03889826591544257,0.4376284270922433,0.8979358950104861
4332.839762859051,id_1,0.0,0.010814936765665702,-0.06982599888641727,-0.027984487201270555,0.04147887770441241,0.43698784858262896,0.8980746023419156
4332.859276887108,id_1,0.0,0.011616167812898683,-0.06973650478726438,-0.029637797712505628,0.04397832650427151,0.43598670293695024,0.8983891710204458
4332.878790915163,id_1,0.0,0.012463558850807513,-0.06943398399184873,-0.029972185593032455,0.04568582386486179,0.4341818831614685,0.8991665951996475
4332.89830494322,id_1,0.0,0.013293575750524146,-0.06901817468472402,-0.03029401617306969,0.0469322702431458,0.4327955647398642,0.8997597644568422
4332.917818971276,id_1,0.0,0.014171691026485477,-0.06848683745233936,-0.03027782078822538,0.04798866163489343,0.43151070252373946,0.9003215289718872
4332.937332999332,id_1,0.0,0.01507789328647866,-0.06792933392921137,-0.029415481665004063,0.04805580493679331,0.4300824235388034,0.9010296765441648
4332.956847027388,id_1,0.0,0.015975839875602353,-0.06736908133080438,-0.028516069990385515,0.04719367961855156,0.42921974124432055,0.9015153931478506
4332.976361055444,id_1,0.0,0.01688119491774974,-0.0666214407078052,-0.027547091729829207,0.0465660601816658,0.42804561049318535,0.9021361954349809
4332.9958750835,id_1,0.0,0.017844965502144466,-0.06583012895390414,-0.027449552868911677,0.04533366024202959,0.4263905693903302,0.902985306431587
4333.015389111556,id_1,0.0,0.0187159588777585,-0.0650086867269583,-0.028463210909785982,0.04478619501986865,0.4253143990462789,0.903488629881002
4333.034903139613,id_1,0.0,0.01965450448917161,-0.06400613186542048,-0.02871742559313368,0.0442812833516728,0.4243484981695672,0.9039595286921116
4333.054417167668,id_1,0.0,0.020617908019336197,-0.06288124736382222,-0.028758258621024498,0.042307766377327326,0.42258022790739014,0.9048806365742313
4333.073931195725,id_1,0.0,0.021503609342719786,-0.061673744655037284,-0.026928659768199973,0.040861987906243714,0.4222320096044342,0.9051658827490349
4333.093445223781,id_1,0.0,0.02244589119303469,-0.06033355070284923,-0.02450799315978308,0.03854126889480164,0.42126352682704105,0.9057874860189347
4333.112959251837,id_1,0.0,0.02340280534102955,-0.058932013989004814,-0.02250248003133577,0.036086054797023766,0.42065877860124085,0.9062216213638571
4333.132473279893,id_1,0.0,0.024311900902450816,-0.05747858051628441,-0.021119290399248328,0.0340267182454034,0.4208335216350977,0.9062534441792108
4333.151987307949,id_1,0.0,0.02518565402247428,-0.055956446064339874,-0.020424151612493432,0.0326069087167229,0.42101406123480156,0.9062377192422681
4333.171501336005,id_1,0.0,0.0260422623600825,-0.05433862083462242,-0.019437955089402555,0.03088466406999242,0.42055115647698194,0.9065346260419948
4333.191015364061,id_1,0.0,0.026911422470217314,-0.0526156653025009,-0.01893916814291523,0.02932021847661585,0.4201624377002909,0.9067773478888228
4333.210529392118,id_1,0.0,0.02765841319040213,-0.05088159781750167,-0.017396680639278708,0.02805245421695241,0.41961917966358114,0.9070998618529297
4333.230043420173,id_1,0.0,0.028427997690923336,-0.04910528328721773,-0.01668316168561786,0.026461824655186095,0.4183681986307579,0.9077386707233225
4333.24955744823,id_1,0.0,0.029147538268155856,-0.04735621257176776,-0.015981107132404797,0.025397443375668932,0.41821545549103406,0.9078520842478852
4333.269071476286,id_1,0.0,0.029938713781186312,-0.04560353492161678,-0.015564463203541769,0.024137348498972817,0.4164474507869495,0.9087060342188095
4333.288585504342,id_1,0.0,0.030767793169471386,-0.04392567934633112,-0.015924202092477364,0.0231840051803584,0.4145821348550283,0.9095771408465377
4333.308099532398,id_1,0.0,0.03164459811196645,-0.042349396705660916,-0.01627507816408766,0.022083140976788387,0.41245722200104545,0.9105638345193228
4333.327613560454,id_1,0.0,0.03252780377721411,-0.04080289327918626,-0.015319915804619893,0.020494023548926047,0.41077106876791125,0.9113794074049422
4333.34712758851,id_1,0.0,0.03347001784124518,-0.03930388853233887,-0.015169370066718105,0.01932661975760937,0.4089975701784728,0.9122046697801043
4333.366641616566,id_1,0.0,0.03449801642354264,-0.0378355608671333,-0.015699878160353543,0.019034321620467556,0.40751775850017513,0.9128638917895656
4333.386155644623,id_1,0.0,0.0355680689707603,-0.036363006153821896,-0.016062919555445077,0.01925399175039113,0.40601428841513737,0.9135226674909501
4333.405669672678,id_1,0.0,0.03666875790297418,-0.03491573923603346,-0.01600832892222031,0.019517534665730873,0.4050153324890303,0.9139613666312654
4333.425183700735,id_1,0.0,0.0377671710214946,-0.03343551571068073,-0.015096990416651204,0.0194461829739607,0.403696593798314,0.914561636525249
4333.444697728791,id_1,0.0,0.038883157511355654,-0.03192165515502727,-0.014228712446314719,0.019274046161812074,0.4022912872107485,0.9151982163012511
4333.464211756846,id_1,0.0,0.040018844017109284,-0.030351965759234052,-0.01329800117384588,0.018897089712962882,0.40114255430577134,0.9157241474866774
4333.483725784903,id_1,0.0,0.04110261943746674,-0.02876687637978431,-0.010962486168680303,0.018211620695135402,0.39995744605088657,0.9162871832111973
4333.503239812959,id_1,0.0,0.04216178657911011,-0.027133500367319582,-0.008397456592417677,0.01743080584254621,0.3990128706222916,0.9167411732916857
4333.522753841015,id_1,0.0,0.043221369655485876,-0.025470562532067063,-0.006059336376810809,0.016477064582730995,0.3978944010094515,0.9172632318101163
4333.542267869071,id_1,0.0,0.04424888395766511,-0.023777056916157963,-0.0037966364488321107,0.015601489639451885,0.39693036702130313,0.9177082667215324
4333.561781897128,id_1,0.0,0.0452413854331393,-0.022007992623022814,-0.00112577603414184,0.014895715156459011,0.3966633563065638,0.9178425965610393
4333.581295925183,id_1,0.0,0.046247107561330734,-0.02017134485421338,0.001994183107520947,0.014067302310840442,0.39685322300106235,0.9177721142163224
4333.60080995324,id_1,0.0,0.04726735956565029,-0.018264431369392098,0.005007867547650752,0.013301436336145927,0.3969198351631417,0.9177432307067621
4333.620323981296,id_1,0.0,0.04830192506235124,-0.016313257419619916,0.007665262760153666,0.012872181112448209,0.39678802553336345,0.9177880002993943
4333.6398380093515,id_1,0.0,0.049262499053853825,-0.01433865721337474,0.010463315571866045,0.012212748496753956,0.3965470430403748,0.9178735263952947
4333.659352037408,id_1,0.0,0.05017198510737609,-0.012351552651728838,0.01307609936661129,0.011347504980770444,0.39646502633382186,0.917886557614931
4333.678866065464,id_1,0.0,0.05107364706429837,-0.010303664169215932,0.015440726260089419,0.010509435263171218,0.39644525065276737,0.9178683451224771
4333.69838009352,id_1,0.0,0.05194922069088965,-0.008220096573699227,0.017362468150431538,0.009899905974425516,0.3964630709236188,0.9178330839293365
4333.717894121576,id_1,0.0,0.052866427722870195,-0.006118197395620286,0.018985776955794096,0.009154896757673822,0.3961370606236338,0.9179494307091262
4333.737408149633,id_1,0.0,0.05375367619316334,-0.0039821581609375415,0.020660535805408116,0.00830271018181693,0.3959464386518806,0.9180036083713194
4333.7569221776885,id_1,0.0,0.05468588707154662,-0.0018196030919262168,0.02223717088829147,0.0074488197423816325,0.39597699963149374,0.9179609136984922
4333.776436205745,id_1,0.0,0.055574360483459616,0.00034099469564072136,0.0235869515384125,0.006225218069677212,0.39613455392259356,0.9178683552479938
4333.795950233801,id_1,0.0,0.056447336373235256,0.00251956947868301,0.025067600310373948,0.004576779884352533,0.3962925799008051,0.9177705920414608
4333.8154642618565,id_1,0.0,0.05741034065679871,0.004729015373110324,0.02655187057998709,0.0031749508523067627,0.39629850898349234,0.9177322101970976
4333.834978289913,id_1,0.0,0.058423170917579446,0.006980659915958867,0.02875358768817094,0.001471905464312876,0.3962403776895365,0.9176952804595959
4333.854492317969,id_1,0.0,0.05935105288414388,0.00922908240518855,0.03118693455764678,-0.0006729614400241027,0.39640691922659116,0.9175448090557105
4333.874006346025,id_1,0.0,0.06030379689791295,0.011489095914752629,0.03360815693745985,-0.0030643512626132184,0.3966086543472308,0.9173672529775004
4333.893520374081,id_1,0.0,0.061273564835666226,0.01374801387640766,0.0359496917857799,-0.0058944676036053285,0.39683846558007846,0.9171652561824539
4333.913034402138,id_1,0.0,0.062241809887850996,0.016001513166567224,0.03837604795330413,-0.008612079432356364,0.39724212561620303,0.9168706586358063
4333.9325484301935,id_1,0.0,0.06323341165749854,0.018277346660234926,0.041234755974568875,-0.011442295254889299,0.39741133846568166,0.9166422403740366
4333.95206245825,id_1,0.0,0.06421857375120411,0.02055603087402623,0.04376624940870594,-0.013880237103608056,0.3979542786377163,0.9162555574426697
4333.971576486306,id_1,0.0,0.0651898761789542,0.022854898291828043,0.0463169288913555,-0.01598425270110938,0.3989517037510719,0.9156619375281345
4333.9910905143615,id_1,0.0,0.06599821810545357,0.025119423348215004,0.048193344623720394,-0.01817223911227312,0.400800689081665,0.9147163379383186
4334.010604542418,id_1,0.0,0.06705737039888951,0.027431629387590854,0.05038939006909616,-0.01978491485289866,0.4021020003125919,0.9139931333753775
4334.030118570474,id_1,0.0,0.06803107692440381,0.029719982857989755,0.051705317322639534,-0.02103523423678931,0.4032311486009445,0.913394066041121
4334.0496325985305,id_1,0.0,0.06887933294953229,0.031981214017419685,0.05296005040545116,-0.022117142884388544,0.4042763142187295,0.9128344465528253
4334.069146626586,id_1,0.0,0.0699588829532449,0.03426053158845222,0.05549747590000649,-0.023149954039886733,0.40445513275841616,0.9125788488574844
4334.088660654643,id_1,0.0,0.07091293107125413,0.03648236546566101,0.058644423662535354,-0.02415724363052271,0.40506126514821184,0.9120869644008704
4334.1081746826985,id_1,0.0,0.07178077663203611,0.038624718207712544,0.06315115690213889,-0.025495554904801772,0.40547690804445974,0.9115648002773705
4334.127688710755,id_1,0.0,0.07259629326249703,0.040709883305887,0.06657297015404877,-0.027467969309459363,0.4055087458040661,0.9112498051485641
4334.147202738811,id_1,0.0,0.07349367099807583,0.042725288589320704,0.07030293047161498,-0.02891122185237141,0.40513798880133983,0.9110899237990242
4334.166716766867,id_1,0.0,0.074381338898575,0.04472173445456063,0.07307511661927395,-0.030091659320761226,0.40523312537411454,0.9107912128857689
4334.186230794923,id_1,0.0,0.07529324544162332,0.04665028339379927,0.07548975830758413,-0.03148522025317484,0.4058426437892503,0.9102756317612942
4334.205744822979,id_1,0.0,0.07621617414838497,0.0485376690146186,0.07698113995262668,-0.03322672444279838,0.4068081310827988,0.9096576462380321
4334.2252588510355,id_1,0.0,0.07715743291694281,0.050372349162066545,0.07853764363043753,-0.035723773162188756,0.4081943982784446,0.9088085517743182
4334.244772879091,id_1,0.0,0.07811771846502695,0.052191404836142305,0.0801612758282553,-0.038239800531253615,0.40970957859246965,0.9078821227023349
4334.264286907148,id_1,0.0,0.07905987629993723,0.05398360227464074,0.08138076725256103,-0.04055259057064399,0.41102401320736404,0.9070787830647936
4334.2838009352035,id_1,0.0,0.07999404755252269,0.05577257958458014,0.0826612460364731,-0.042549427164785505,0.41216677090949555,0.9063527004481675
4334.30331496326,id_1,0.0,0.08091010749975966,0.057553793879334944,0.0840666539868176,-0.0446598557645256,0.4133754674822569,0.905571100386037
4334.322828991316,id_1,0.0,0.08182779517905925,0.05935141618388288,0.08535008161003718,-0.04640717915139016,0.4147429414236068,0.9047375474863776
4334.342343019372,id_1,0.0,0.08272448261199596,0.061167619092755005,0.08680499668117857,-0.04819767384481362,0.41592285512118193,0.9039635254671363
4334.361857047428,id_1,0.0,0.08358623745953868,0.06300826712774436,0.08895442402434932,-0.05017872801718766,0.41692740027038117,0.9031836737922441
4334.381371075484,id_1,0.0,0.08440002686592922,0.06481043908912273,0.09246460558003645,-0.052985205883880324,0.41785983529354853,0.9022394486613959
4334.4008851035405,id_1,0.0,0.08522131272729262,0.06665667503387421,0.09558013823750422,-0.05607508437713001,0.41876803866711176,0.9013064694528148
4334.420399131596,id_1,0.0,0.08603552139254493,0.06850578941248144,0.09936823861992074,-0.059646502942164586,0.4195760166958536,0.9002911829258274
4334.439913159653,id_1,0.0,0.08688107585907752,0.070359169152884,0.10366859009716066,-0.06359056991113274,0.42039236645596756,0.8991547814871451
4334.459427187709,id_1,0.0,0.08776753601366301,0.0722025678067803,0.10773855771772073,-0.06771498925210881,0.421030587705144,0.8980759030439206
4334.478941215765,id_1,0.0,0.08870793937016339,0.07402554519168593,0.11109410946248834,-0.07158341826172865,0.42155717670501724,0.8971195348676775
4334.498455243821,id_1,0.0,0.08970294047184264,0.07583354038891363,0.11432378182558324,-0.07490767778405247,0.42213779763465076,0.8961688415283494
4334.517969271877,id_1,0.0,0.0907335303954448,0.07761130437258743,0.11675893899972466,-0.07806819910424505,0.42212664645664644,0.895590196911257
4334.537483299933,id_1,0.0,0.09178988135339652,0.07938020736343547,0.119030201533182,-0.08073134524275437,0.42238571224806853,0.8949327187598837
4334.556997327989,id_1,0.0,0.09291832249155113,0.08101845939745113,0.12452830390417734,-0.08349249517781611,0.4221338651625828,0.8940496097301479
4334.576511356046,id_1,0.0,0.09401236462128881,0.08254349075772345,0.12682096279172483,-0.08738190771371185,0.4208750543143747,0.8939491228569804
4334.596025384101,id_1,0.0,0.09520772860648866,0.08409904898580785,0.13039745223336202,-0.08945607257138657,0.4199792520033279,0.8936506831071502
4334.615539412158,id_1,0.0,0.09641844808895138,0.08560438328843248,0.13371723767803592,-0.09112332297367363,0.41876577456371683,0.8935611150962431
4334.635053440214,id_1,0.0,0.09759477279858764,0.08707779478316376,0.13684031165231472,-0.09248578572405398,0.4172293928163621,0.8936670198211365
4334.65456746827,id_1,0.0,0.09872007165339325,0.08849672052421961,0.14035859632664144,-0.09406491761121331,0.4155312392268765,0.8937477524103694
4334.674081496326,id_1,0.0,0.09981393282327526,0.0898834001799732,0.14376459711920403,-0.09566673552573655,0.4137680561414329,0.8938543572897891
4334.693595524382,id_1,0.0,0.10087422946293738,0.09123492165023521,0.14651673657017697,-0.09766105204367663,0.411837001158615,0.8940835807100066
4334.713109552438,id_1,0.0,0.10184302881382895,0.09251635773436753,0.14916799318530902,-0.10001254519712939,0.40984009093172324,0.894302801335955
4334.732623580494,id_1,0.0,0.1027814300765891,0.09374321469679418,0.15204070726094296,-0.10244753810361978,0.40777049341792626,0.8944894353595243
4334.752137608551,id_1,0.0,0.10368105238225224,0.09492685552427434,0.15506837668521808,-0.10481869299679224,0.4057342801574939,0.8946208884526092
4334.771651636606,id_1,0.0,0.10459284334624856,0.09603348377714328,0.15796222092021092,-0.10700734030666575,0.40383498263399714,0.8947148555173583
4334.791165664663,id_1,0.0,0.10554576652030812,0.0971140227870194,0.1608474254583694,-0.10870182977921075,0.40204519719972315,0.8948025912650799
4334.810679692719,id_1,0.0,0.10642937927750022,0.0980822134086834,0.16328080677241552,-0.1104921922060241,0.40036219074484586,0.8948971839397215
4334.830193720774,id_1,0.0,0.10731677230469619,0.09903062143569512,0.16675006801897121,-0.11250315446564806,0.3989943841619123,0.8946177599724943
4334.849707748831,id_1,0.0,0.10822319649712588,0.09990896062193019,0.17005341585260178,-0.11443123152381668,0.3979517717147219,0.8942156990334708
4334.869221776887,id_1,0.0,0.10916071462649643,0.10072626212114646,0.17336262947983438,-0.11617549587119962,0.39731912026808763,0.8936364862338106
4334.888735804943,id_1,0.0,0.11009121095108046,0.10147284412071018,0.17659821195972306,-0.11781339621204572,0.39660840154705956,0.8931040538637695
4334.908249832999,id_1,0.0,0.11104160126057012,0.10215495449014955,0.17961441656617252,-0.1196439536013385,0.39632479473896637,0.8923848064615121
4334.927763861056,id_1,0.0,0.11203608789023521,0.10278278056070614,0.18192637892662722,-0.12152769332726109,0.39631138437481334,0.8916675944656279
4334.947277889111,id_1,0.0,0.11309275194420026,0.10330025921683757,0.18553715151689673,-0.12341542795010256,0.3964511785112881,0.8906015161720195
4334.966791917168,id_1,0.0,0.11412820378582669,0.10376514452521861,0.18871706256124798,-0.12554676623772942,0.3965250117250731,0.8896020429731115
4334.986305945224,id_1,0.0,0.11520720605603967,0.10415786230828773,0.19134487782866466,-0.12752918888736883,0.3967171986888022,0.8886725538548902
4335.005819973279,id_1,0.0,0.11628915005942742,0.10446645086407363,0.19242476656984003,-0.12936672883833822,0.3967718395790282,0.8881492363320955
4335.025334001336,id_1,0.0,0.11747175954400114,0.10464322510535172,0.19562641411557583,-0.13003489507018656,0.3989817102191103,0.8863604385773323
4335.044848029392,id_1,0.0,0.11855768885852795,0.10470335398112911,0.1956633848872081,-0.1318927680294323,0.39885522444862725,0.8861346666766005
4335.064362057448,id_1,0.0,0.11957571487186087,0.10454379359562085,0.19603473091783127,-0.1346950243749223,0.39768682961723906,0.8861562053225164
4335.083876085504,id_1,0.0,0.12069525342133164,0.1041528341517655,0.19985736116691957,-0.13671805640972742,0.3984319345398417,0.8846565445288818
4335.103390113561,id_1,0.0,0.1219092821729637,0.10362586124862005,0.2003948178695889,-0.1391146756995441,0.39930935443394927,0.8837652762117143
4335.122904141616,id_1,0.0,0.12306406296077547,0.10293756342901031,0.200494970150588,-0.14075610508331832,0.4005400676644421,0.8829253309433662
4335.142418169673,id_1,0.0,0.12429060020130524,0.10204028700187484,0.199799183536771,-0.14254251542506388,0.4021366718404738,0.8820703003249811
4335.161932197729,id_1,0.0,0.1255473796721457,0.10095234181664858,0.19850405084248463,-0.14406457857679017,0.4040150629236664,0.8812566980905178
4335.181446225784,id_1,0.0,0.12692194165375933,0.09972449672626457,0.19698195625117304,-0.14431493430847608,0.40798325065741753,0.8797277850733192
4335.200960253841,id_1,0.0,0.12817092287553894,0.09824760600049204,0.19385779295849037,-0.14600751502583073,0.40868648666683594,0.879816070142597
4335.220474281897,id_1,0.0,0.12958011432879551,0.09670062316407138,0.19098160731690655,-0.14555499045628068,0.4124248769302447,0.878774994699437
4335.239988309953,id_1,0.0,0.13089465420504875,0.0949704455091533,0.18629576066868458,-0.1459843944406007,0.4127297285289647,0.8795661528987427
4335.259502338009,id_1,0.0,0.13231998502532946,0.09316243296604813,0.18183991191506604,-0.14522994725536137,0.4143357367107336,0.8798684027394663
4335.279016366066,id_1,0.0,0.1337309199877339,0.09127093502259702,0.1761452410861756,-0.14426601525609611,0.41531769237838584,0.8807220817501474
4335.298530394121,id_1,0.0,0.1351249197257326,0.08928905175940546,0.17067366265715123,-0.14333583012429857,0.4159222533277978,0.8816654807037069
4335.318044422178,id_1,0.0,0.13649435111838074,0.08719467165661217,0.1641879202759495,-0.14216399365308888,0.41648381668101914,0.8828210216045347
4335.337558450234,id_1,0.0,0.13785869522636499,0.08505618437940567,0.15769813366040994,-0.14093332462578148,0.4167608201326051,0.8840698589208581
4335.357072478289,id_1,0.0,0.13924872104610903,0.0828999961652093,0.15135147644351396,-0.13988767574850833,0.4168657273926969,0.8852949418568969
4335.376586506346,id_1,0.0,0.1406449685764956,0.08070816497158455,0.1455637626181883,-0.1384123968167611,0.4169769085915981,0.886444277504948
4335.396100534402,id_1,0.0,0.14199689172670915,0.07852045382557343,0.1403372576171298,-0.13634577964379646,0.4168531485174803,0.8876647650261287
4335.415614562458,id_1,0.0,0.14329630537932253,0.07625636084281934,0.13520849577177044,-0.1349475700915443,0.41697939124213035,0.8886146539849911
4335.435128590514,id_1,0.0,0.1445905866392779,0.07399230361326153,0.13071470247684364,-0.13411156133090044,0.4173801799889117,0.8892252476320058
4335.454642618571,id_1,0.0,0.14581233432083623,0.07175721017734135,0.1217613108612371,-0.1329681729693643,0.41752691621936733,0.8905980700556722
4335.474156646626,id_1,0.0,0.14704153188614885,0.06941031566778966,0.12129231011992135,-0.1317572820276414,0.41771684771776585,0.8907529563639934
4335.493670674683,id_1,0.0,0.14805472703105918,0.06699384382473787,0.12036308098787302,-0.13097602855414625,0.4174711162934082,0.8911093511685454
4335.513184702739,id_1,0.0,0.14904681242886458,0.06459871254609986,0.11851235646366323,-0.1303707044449877,0.4169101914375072,0.891708580795031
4335.532698730794,id_1,0.0,0.14985219646291403,0.062098084871110355,0.11708154069815803,-0.1299945639463602,0.41506854049489617,0.8928109726384292
4335.552212758851,id_1,0.0,0.15070882216244227,0.059574055360565335,0.11553265876143738,-0.1296716761405674,0.4132209635052908,0.8939160455468782
4335.571726786907,id_1,0.0,0.15148063789178168,0.05701280757689682,0.11384179233220391,-0.12968136475774752,0.41091623424220697,0.8951930732469745
4335.591240814963,id_1,0.0,0.15240224079316966,0.05442411060161734,0.11194683700949648,-0.12987282748033382,0.4100824917797467,0.8957864166761778
4335.610754843019,id_1,0.0,0.15326487259230498,0.051768335501092715,0.10995499304525036,-0.1298242367910948,0.40829299008490594,0.8968569569856476
4335.630268871076,id_1,0.0,0.1543122875032067,0.04906980338951679,0.10791623708496852,-0.1288672553900411,0.40772916700520684,0.8974988816900549
4335.649782899131,id_1,0.0,0.15534152879193058,0.04628615903505319,0.10538087536604517,-0.12751565769832823,0.4075911485857946,0.8980557241860673
4335.669296927188,id_1,0.0,0.15639499759133266,0.04350339193682649,0.10389619997227924,-0.12454540883511102,0.4093374267095127,0.8978512637760497
4335.688810955244,id_1,0.0,0.15746951288077415,0.04047351900168733,0.10125263022107836,-0.12312044056085868,0.40954442305425287,0.8982553242450461
4335.7083249832995,id_1,0.0,0.1586310059763329,0.03738862674295633,0.09786326505456235,-0.12081627721143262,0.41006394769104065,0.8987067193015028
4335.727839011356,id_1,0.0,0.1598185920418969,0.0342639330469059,0.09438964595682528,-0.11723595138974746,0.4112185162116153,0.8990248374558978
4335.747353039412,id_1,0.0,0.16095738499607487,0.03112325122409606,0.08873169686246357,-0.11348992195148787,0.4123788439661308,0.8995501168008988
4335.766867067468,id_1,0.0,0.16207153556524534,0.02782993566163315,0.08552807421288301,-0.10946913486551407,0.41329633611635236,0.8999375509367473
4335.786381095524,id_1,0.0,0.163196519578715,0.024430758267273565,0.0832823172074977,-0.10479727844340835,0.4137422595126733,0.9004992663876814
4335.805895123581,id_1,0.0,0.1642501333465375,0.021008233717028493,0.08243636870608069,-0.10070059369418473,0.4138052725315482,0.9010154449116203
4335.825409151636,id_1,0.0,0.16518086475757113,0.017576937052774796,0.08333675928274441,-0.098013369640158,0.4141936797810832,0.9010504755858226
4335.844923179693,id_1,0.0,0.1659661337788021,0.01422224174329665,0.08203368060965506,-0.09642546758500166,0.4139568049424592,0.9014501473118065
4335.864437207749,id_1,0.0,0.16678423071525456,0.010916205597369883,0.07960400598526136,-0.09330560212046404,0.4133367566749309,0.9022804400104688
4335.8839512358045,id_1,0.0,0.1677030264978428,0.007720263530618447,0.07272286021799719,-0.08893827684933388,0.4126765861608661,0.9036035655902418
4335.903465263861,id_1,0.0,0.16850105817695618,0.004477984559112744,0.06850165233809134,-0.08366653761801686,0.41262875422024947,0.904458371236957
4335.922979291917,id_1,0.0,0.16916928119561528,0.0013402700104547648,0.06269066362248082,-0.07890355502772121,0.41261955374547266,0.90531166653559
4335.942493319973,id_1,0.0,0.169864799040422,-0.0017962353863285418,0.060023288912123135,-0.07465297868990504,0.41319801435762604,0.9055890560799703
4335.962007348029,id_1,0.0,0.17062692881978908,-0.004769912200540559,0.05727389436634973,-0.07096616162694028,0.4136557024783571,0.9058545494367118
4335.981521376086,id_1,0.0,0.1713702002930931,-0.007680133242186512,0.057412806884158445,-0.06810398843466288,0.41453889097409563,0.9056617051829787
4336.0010354041415,id_1,0.0,0.17204397935041282,-0.010544694141537914,0.058466643317023975,-0.06610647545528181,0.41562159062072473,0.9052459770316679
4336.020549432198,id_1,0.0,0.17273405779733372,-0.013381639667344939,0.05945058634412724,-0.06513485759027028,0.4171099189767299,0.9045675174365154
4336.040063460254,id_1,0.0,0.17345917441110006,-0.01613850292913935,0.05989597855598704,-0.06411251806790629,0.41852451770018756,0.9039575680659123
4336.0595774883095,id_1,0.0,0.17411524732905445,-0.01879871736532735,0.05910855810594873,-0.06325672642508721,0.4192746071718178,0.9037220638567675
4336.079091516366,id_1,0.0,0.17471207765135474,-0.021448805230952633,0.05688124400931996,-0.062344779401815174,0.41968909794187326,0.9037359756201078
4336.098605544422,id_1,0.0,0.1752139189471544,-0.024139286819404818,0.05634895970796084,-0.061673697610537107,0.4206284281803053,0.9033785890585633
4336.1181195724785,id_1,0.0,0.17564357406586686,-0.02668525154159558,0.05227798262373777,-0.06018612620503737,0.42051977522008965,0.9037741761048879
4336.137633600534,id_1,0.0,0.17601235355436048,-0.029350194177936974,0.049534551097075004,-0.058101289373389244,0.4212793799188428,0.9037113767547449
4336.157147628591,id_1,0.0,0.17651983287279963,-0.0317775513473025,0.04312508136834153,-0.05496757876247979,0.4214524039594378,0.9041552210980012
4336.1766616566465,id_1,0.0,0.1769413207211313,-0.03432902761932971,0.040743312465839135,-0.05159533760031616,0.4221066619151191,0.9041592058891486
4336.196175684703,id_1,0.0,0.1773621412256601,-0.03685554814343873,0.03846506294042508,-0.04801202560242634,0.42298626381927273,0.9040453002757957
4336.215689712759,id_1,0.0,0.17775827853572698,-0.03934842821649382,0.036370867438262955,-0.04464336490416108,0.4235783860579275,0.9040273673049858
4336.2352037408145,id_1,0.0,0.1781255423415307,-0.04180349205281633,0.03353934471367974,-0.04125497154001828,0.42407811784762445,0.9040635429228555
4336.254717768871,id_1,0.0,0.17845377030633686,-0.04424076498955267,0.030875418084785652,-0.03811168929837295,0.42464973935388217,0.9040281005386912
4336.274231796927,id_1,0.0,0.17878207327002882,-0.04667971922345882,0.028854575235645198,-0.035915613751940315,0.42525960024884796,0.9038980885990312
4336.2937458249835,id_1,0.0,0.1790462396566006,-0.0491301271899906,0.027449988403959402,-0.03499880685241725,0.4261874305214556,0.9035407327403946
4336.313259853039,id_1,0.0,0.17927043280529562,-0.051604050873231666,0.02588196812111338,-0.03459707975493503,0.4272567388178693,0.9030973618239218
4336.332773881096,id_1,0.0,0.17947575979101452,-0.054077975959539226,0.02368805086636888,-0.033907481499931204,0.4286257621604005,0.9025348275589702
4336.3522879091515,id_1,0.0,0.17963609764906777,-0.05652636887010232,0.020936139824951818,-0.033190339864747176,0.42987620172937935,0.9020346615156286
4336.371801937207,id_1,0.0,0.17973876862779337,-0.05905938917547217,0.019175484812330706,-0.03254358120415813,0.4314667983662439,0.90133768256531
4336.391315965264,id_1,0.0,0.17986389542998563,-0.061570808302825554,0.0168724069613861,-0.03200609048339775,0.43186162108389453,0.9012138882030662
4336.41082999332,id_1,0.0,0.1799535294804763,-0.06409264799525839,0.014340267504771893,-0.03123442025263276,0.4329265004795623,0.9007737856431509
4336.430344021376,id_1,0.0,0.18003931521767053,-0.06661434744902206,0.011543906561482886,-0.030334184371500286,0.43337508576152833,0.9006290082608952
4336.449858049432,id_1,0.0,0.1800652213207017,-0.06920174863115311,0.006556240287643802,-0.028693108071757782,0.434776295677345,0.9000573837148158
4336.4693720774885,id_1,0.0,0.18004861039774836,-0.07172288056467341,0.0026093767132196917,-0.0262594153691624,0.43416701352518217,0.9004457999370438
4336.488886105544,id_1,0.0,0.17999010448380193,-0.07415278709424088,-0.00520372490157496,-0.022844285952843397,0.4343855573399815,0.9004222606204753
4336.508400133601,id_1,0.0,0.1799103192295005,-0.07637061896708273,-0.01549577071486128,-0.018153091274873894,0.4328125779696619,0.9011679192683093
4336.527914161657,id_1,0.0,0.17983334588305766,-0.07839101857737868,-0.02608719252262173,-0.013238503474073257,0.43215270566729636,0.901325823105324
4336.547428189712,id_1,0.0,0.17985779407652197,-0.08025993576678843,-0.032389287485374715,-0.008304456172453909,0.4311442086617445,0.901663263863682
4336.566942217769,id_1,0.0,0.17993301772321368,-0.0819461480740112,-0.033136142436477854,-0.004630811419103996,0.4311920667542788,0.9016395916430266
4336.586456245825,id_1,0.0,0.18001754621340993,-0.08329402017143775,-0.03385967000708375,-0.0020832365953495093,0.43102002119282995,0.9017044550201755
4336.605970273881,id_1,0.0,0.18000755461764406,-0.08452469826428693,-0.031320212635102325,-0.0004484725310857584,0.43021326809835553,0.9021836770331269
4336.625484301937,id_1,0.0,0.18001401891687482,-0.08551719735035242,-0.028018611278734572,0.0006236912403636104,0.4295167830680984,0.9026238981403496
4336.6449983299935,id_1,0.0,0.1800923591522718,-0.08649916849461443,-0.02698214022006186,0.003470886000028797,0.4297224118464073,0.902551143047543
4336.664512358049,id_1,0.0,0.18005996668658278,-0.08721841225959807,-0.027649379039564673,0.005746418225698513,0.4291433446410314,0.9027948162603787
4336.684026386106,id_1,0.0,0.1800492384530334,-0.08779644261324411,-0.027851880016376566,0.00789129280388768,0.4286391799277474,0.903011879051602
4336.703540414162,id_1,0.0,0.1800240367258678,-0.08824452121990245,-0.02793967833748593,0.009549569699238864,0.42838511083861186,0.9031137120566531
4336.723054442217,id_1,0.0,0.18002348410700528,-0.08857307829392567,-0.026527687691850925,0.010686096264525215,0.4282205672113096,0.9032215868487495
4336.742568470274,id_1,0.0,0.18000659964091706,-0.08879243447016291,-0.024654508024725155,0.011221629307856563,0.4280776014766972,0.9033359272074227
4336.76208249833,id_1,0.0,0.17998090895897076,-0.08892001350950907,-0.022569758572535136,0.01125186401135235,0.42805137334659615,0.9034024702923612
4336.781596526386,id_1,0.0,0.17996104029649157,-0.08898498872014199,-0.020832433336845552,0.011299542309777413,0.42796357193734114,0.9034852025127406
4336.801110554442,id_1,0.0,0.17995464424260757,-0.08899128094142789,-0.019337252859771226,0.01138839354329784,0.4278825845700371,0.9035556811652535
4336.820624582499,id_1,0.0,0.1799401118533285,-0.08896934683283217,-0.01782503927679968,0.011152768485968453,0.4284895816267214,0.9033020326376091
4336.840138610554,id_1,0.0,0.17995382376716487,-0.08892048219117821,-0.01613836522649597,0.0108551635710233,0.4284678984463638,0.9033476510140596
4336.859652638611,id_1,0.0,0.18000400846145131,-0.08884643264159593,-0.014096742793172991,0.010574071990849612,0.4276480918566839,0.9037735227231946
4336.879166666667,id_1,0.0,0.180039017401896,-0.0887804932815198,-0.012294994574845846,0.010289906446851918,0.42761018551156604,0.903821044333713
