timestamp,name,x,y,z,rx,ry,rz
4327.141666666666,id_1,0.0,-0.11479686893228,-0.121137341831437,-0.19500519771777983,0.1073820074520445,1.0740168922565236
4327.161180694722,id_1,0.0,-0.1147602609356066,-0.1211287430367259,-0.19424668526871636,0.1085276508360938,1.07306305512744
4327.180694722779,id_1,0.0,-0.114700391064794,-0.1211026542767134,-0.19297673606951982,0.10942473679729882,1.0723682825920329
4327.2002087508345,id_1,0.0,-0.1146411192487685,-0.1210805562655431,-0.19151069047681485,0.1101083457153568,1.071681143431925
4327.219722778891,id_1,0.0,-0.1145926147545878,-0.1210760753898516,-0.19008272346082888,0.11067534281982615,1.0710296457946764
4327.239236806947,id_1,0.0,-0.1145311885078294,-0.121087783734248,-0.18909038972017356,0.11121910440262821,1.070455293397921
4327.258750835003,id_1,0.0,-0.114482626752526,-0.1211233846122816,-0.18961364535143707,0.11200720657309458,1.0700296093742272
4327.278264863059,id_1,0.0,-0.1144507628525618,-0.1211670077453824,-0.19066507775016145,0.11283305950389852,1.0696266722447987
4327.297778891116,id_1,0.0,-0.1144282699215582,-0.1212048484788703,-0.1920009295325821,0.1135391114564972,1.0693445386343663
4327.317292919171,id_1,0.0,-0.114394206487363,-0.1212239021897592,-0.19287838521378264,0.11387494442781002,1.0689284123331648
4327.336806947227,id_1,0.0,-0.1143814913194865,-0.1212464415531832,-0.19347162724973976,0.11410045445862227,1.0687316527063975
4327.356320975284,id_1,0.0,-0.1143704099628651,-0.121269769719407,-0.19414328016317245,0.11423292578840225,1.0686600408756217
4327.3758350033395,id_1,0.0,-0.1143493568860635,-0.1212867807585186,-0.19537501424552137,0.11453702267779599,1.0686593758907905
4327.395349031396,id_1,0.0,-0.114304581265785,-0.1212847523051247,-0.19632813990643772,0.11517804277981561,1.0687462682126712
4327.414863059452,id_1,0.0,-0.1142326267193871,-0.1212428165443853,-0.19662135061698796,0.11598448291612877,1.0689957798888325
4327.434377087508,id_1,0.0,-0.1141411927520971,-0.1211632314023636,-0.1963752499673224,0.11691454684948666,1.0694138943811045
4327.453891115564,id_1,0.0,-0.1140660786508958,-0.1210349846739642,-0.19669571958929558,0.11740581103676559,1.0695071231832887
4327.473405143621,id_1,0.0,-0.1139652490913042,-0.1208061381590292,-0.19627977828319335,0.1190599395774097,1.0699203928097525
4327.4929191716765,id_1,0.0,-0.1139135981368284,-0.1205102760629834,-0.19705498971094268,0.1199556513469964,1.0701026364392907
4327.512433199732,id_1,0.0,-0.1139104640531504,-0.1201023883266999,-0.1991830446168144,0.12133322184219245,1.0704146962223502
4327.531947227789,id_1,0.0,-0.1139282637873762,-0.1195944851595735,-0.20120829533031057,0.12200476384897267,1.0702369976396082
4327.5514612558445,id_1,0.0,-0.1139196149467682,-0.1189050400065279,-0.20009193580843251,0.12283810817477367,1.0706153976674144
4327.570975283901,id_1,0.0,-0.1139488301119518,-0.1181129777350216,-0.19740684200426667,0.12228639264778923,1.07071112171351
4327.590489311957,id_1,0.0,-0.1139923614591382,-0.1172380516333251,-0.19175916149721903,0.12040181712898829,1.0706686179404135
4327.6100033400135,id_1,0.0,-0.1139945398183698,-0.1162404584325453,-0.1853299519531103,0.11933194090251609,1.071580373777241
4327.629517368069,id_1,0.0,-0.1140672404783529,-0.1153008427572631,-0.18039154364420615,0.11820561209780325,1.072133374074784
4327.649031396126,id_1,0.0,-0.1140898838220606,-0.1143419867660351,-0.17720458080689405,0.11832529726023655,1.0726167387766312
4327.6685454241815,id_1,0.0,-0.1141909752650768,-0.1133873290947192,-0.17526588104547414,0.11758950700605422,1.0727315110135967
4327.688059452237,id_1,0.0,-0.1142521273275216,-0.112377072283882,-0.169867501492261,0.11800264013767331,1.0736038958146226
4327.707573480294,id_1,0.0,-0.1143510838020688,-0.111396030097052,-0.16386655352051072,0.11533802062329,1.073277481809498
4327.7270875083495,id_1,0.0,-0.1144193071551841,-0.1103438391214117,-0.15712747796124446,0.11557366362134713,1.074575183113798
4327.746601536406,id_1,0.0,-0.1144364013289237,-0.1092934084664642,-0.15239085237956237,0.11608580432661043,1.0759386218658096
4327.766115564462,id_1,0.0,-0.1145131848238687,-0.108316318433344,-0.1463296479035151,0.11486512151507482,1.0766922474519434
4327.7856295925185,id_1,0.0,-0.1146209907556418,-0.1073585886303454,-0.14154391784179451,0.11423948714999207,1.0778175298705976
4327.805143620574,id_1,0.0,-0.1147318027340342,-0.1064397201314904,-0.1388166924393535,0.11432381602090647,1.0783875535793679
4327.824657648631,id_1,0.0,-0.1148232074370871,-0.10549460536074,-0.13640510154336605,0.1151397476103308,1.0792333964841492
4327.8441716766865,id_1,0.0,-0.1149559516506802,-0.1045773434921917,-0.13627441077055938,0.11502321626940072,1.0793325415877686
4327.863685704742,id_1,0.0,-0.1149841927698152,-0.1035193806563788,-0.13730739650428062,0.11766000433911825,1.0805749902509938
4327.883199732799,id_1,0.0,-0.1151594950788914,-0.1025107761795325,-0.14230599902638727,0.11859576393385668,1.0810873685498992
4327.902713760855,id_1,0.0,-0.115222048859335,-0.1013224321899575,-0.1443427422584747,0.12128817342200858,1.0821822288200589
4327.922227788911,id_1,0.0,-0.1152885499005392,-0.100013541414592,-0.14370690205237516,0.12189424949591166,1.0828300729063842
4327.941741816967,id_1,0.0,-0.1154037081173063,-0.0985854292837787,-0.14049508445927722,0.12014076656027182,1.0834199614097952
4327.9612558450235,id_1,0.0,-0.1154645470820011,-0.0970226255204311,-0.13851739253240464,0.12011048964783674,1.084907434803884
4327.980769873079,id_1,0.0,-0.1154923304391325,-0.0953007423371299,-0.13617468239149058,0.12056594620727294,1.0870599610410612
4328.000283901135,id_1,0.0,-0.1156347681020697,-0.0935563343278155,-0.1319274961520318,0.11638629897485625,1.0871886497275642
4328.019797929192,id_1,0.0,-0.1156263621538861,-0.0916389717180974,-0.12339727842441625,0.11499642867088214,1.0891095388487064
4328.039311957247,id_1,0.0,-0.1157423937759981,-0.0897914535057408,-0.1188588524512001,0.11124164622044173,1.090010061681334
4328.058825985304,id_1,0.0,-0.1158765951507703,-0.0879288107416044,-0.11581606917866775,0.10788809461838644,1.090996976416043
4328.07834001336,id_1,0.0,-0.11592968140674,-0.0859419839012971,-0.11181242069699548,0.10738370646045424,1.0932251986198787
4328.097854041416,id_1,0.0,-0.1160254099232224,-0.0839534646867583,-0.10885902891580847,0.10521855845182013,1.0946453158021041
4328.117368069472,id_1,0.0,-0.1161884400126953,-0.0819779079808529,-0.10730705825888147,0.10202797318713949,1.0952880381778696
4328.1368820975285,id_1,0.0,-0.116399479761861,-0.0800313727232237,-0.10916905113335344,0.09847281069345055,1.0953913192169638
4328.156396125584,id_1,0.0,-0.1164866791998287,-0.0779463653479823,-0.10686771319074742,0.09811585991747959,1.0961509293446956
4328.17591015364,id_1,0.0,-0.1166182455438112,-0.0759122566678594,-0.1048631471359242,0.09666377586510705,1.095670986948102
4328.195424181697,id_1,0.0,-0.1166459857256639,-0.0737468844252944,-0.09951492623652275,0.09584768155086792,1.0966542550149194
4328.214938209752,id_1,0.0,-0.1167960760394487,-0.0716809608355768,-0.09312228478525178,0.09131469324598543,1.0962162321933666
4328.234452237809,id_1,0.0,-0.1168222207987423,-0.069538851192327,-0.0848598190732333,0.08941096111250005,1.0969748457354966
4328.253966265865,id_1,0.0,-0.1168773820545783,-0.0673871251016157,-0.07476898035267417,0.08594123375003745,1.0973969703829087
4328.273480293921,id_1,0.0,-0.1169264367507626,-0.0652720679475897,-0.06540190853112604,0.08117000634740569,1.0980340694402382
4328.292994321977,id_1,0.0,-0.1170349195964095,-0.0631780675738622,-0.053487885142991645,0.07586070840059914,1.0988601776376237
4328.312508350034,id_1,0.0,-0.1171145284746858,-0.0611193099328661,-0.04241440324821148,0.07176236546034233,1.0998717227986998
4328.332022378089,id_1,0.0,-0.1171583205745835,-0.0591143288927658,-0.03222164597593213,0.06812285033183926,1.1005364142705942
4328.351536406145,id_1,0.0,-0.1172446786645796,-0.0571908713228665,-0.021112986690879687,0.06455899735594858,1.101455845132524
4328.371050434202,id_1,0.0,-0.1172768669351631,-0.0553100053088763,-0.009202823055384148,0.06074938948923012,1.1019442001157629
4328.390564462257,id_1,0.0,-0.1173405203758863,-0.0534595218401392,-0.00026005004727149776,0.05955561999969311,1.1029884831304018
4328.410078490314,id_1,0.0,-0.1173710096411008,-0.0516556071860874,0.007481964958650596,0.0589078581457404,1.103607911582289
4328.42959251837,id_1,0.0,-0.1174189787468176,-0.0499130224987125,0.014134180661871287,0.05846036509970083,1.1043418106113598
4328.449106546426,id_1,0.0,-0.1174220076594776,-0.0481884448359014,0.01854289763268218,0.05853674741398373,1.1062208903249902
4328.468620574482,id_1,0.0,-0.1174498017580296,-0.0464960402044967,0.020690964489786266,0.05788060734690109,1.1073859441942406
4328.488134602539,id_1,0.0,-0.1175124560799013,-0.0448618368859669,0.02319626696386129,0.05833110814790103,1.1083361830706964
4328.507648630594,id_1,0.0,-0.117614852783065,-0.0432786315511618,0.027300054352417155,0.059351120483512244,1.1095571972703253
4328.52716265865,id_1,0.0,-0.1176739173370893,-0.0415456471537485,0.024267420100640532,0.05842059998148273,1.1107396677820796
4328.546676686707,id_1,0.0,-0.117769257826484,-0.0398219680419811,0.025581062583941702,0.056769785918909195,1.1115603140988544
4328.566190714762,id_1,0.0,-0.1178996274667846,-0.0380812917765926,0.026298455445465604,0.05527001312752864,1.1128573232823744
4328.585704742819,id_1,0.0,-0.1179891226302954,-0.0362591816466465,0.026585362573835595,0.05332317832740746,1.113828199631489
4328.605218770875,id_1,0.0,-0.1181823284762158,-0.0344153016491531,0.034134293116989754,0.050968479242925274,1.1144000630221533
4328.624732798931,id_1,0.0,-0.1183258125042746,-0.032356326377415,0.03387710604524012,0.04674074970185752,1.1156985117701452
4328.644246826987,id_1,0.0,-0.118412815174032,-0.0303015504176154,0.03884564811884594,0.04297690347688073,1.116693497061318
4328.663760855044,id_1,0.0,-0.1185602097975591,-0.0282165637355772,0.044392100139124306,0.03955065917023788,1.1175240139116331
4328.683274883099,id_1,0.0,-0.1185668248059786,-0.0259815213551142,0.0442243287633999,0.03563343521977388,1.1186933705692321
4328.702788911155,id_1,0.0,-0.1187482606927766,-0.0237515940695343,0.05421837560918248,0.03371371310195976,1.1199987804378784
4328.722302939212,id_1,0.0,-0.11878144886614,-0.0213887944678054,0.05913543503755467,0.029737100526708277,1.1194690784736874
4328.741816967267,id_1,0.0,-0.1188144105369071,-0.0189494911419921,0.06034443136700469,0.026892378748465114,1.1195564755607321
4328.761330995324,id_1,0.0,-0.118961524245065,-0.0165689778543761,0.06269934840957474,0.02547659147501862,1.1195613776626192
4328.78084502338,id_1,0.0,-0.1191302682975388,-0.0141592990855966,0.06861565102594036,0.025291748978669547,1.1199778789066606
4328.800359051436,id_1,0.0,-0.119142788197943,-0.0117429087736874,0.07296926115003598,0.024555902893917476,1.1188476033008106
4328.819873079492,id_1,0.0,-0.1190182968456969,-0.0093906387798227,0.08015547953756494,0.025568005938687476,1.1185185796962984
4328.839387107549,id_1,0.0,-0.1188302891532356,-0.0069867491542119,0.0884590615881297,0.02407698633112907,1.1183169287784027
4328.858901135604,id_1,0.0,-0.1186769549043107,-0.0046074128658902,0.09749995271641715,0.021483498416863596,1.1195662226704233
4328.87841516366,id_1,0.0,-0.1185512046712502,-0.0022579138629724,0.1057479613547651,0.017495226173210324,1.1210595643135628
4328.897929191717,id_1,0.0,-0.1183506488167032,0.0001715078709261,0.105728601589419,0.012287739783839745,1.1230022540609341
4328.917443219772,id_1,0.0,-0.1184469563258471,0.0024708548246534,0.11361775552993342,0.00879083732892662,1.1233787130932464
4328.936957247829,id_1,0.0,-0.1186251503439407,0.0047990448204674,0.12033468318635689,0.004174474829323408,1.1227872925453408
4328.956471275885,id_1,0.0,-0.1188999296166927,0.0071297562061018,0.1248701400340573,-9.004138741753586e-05,1.1224789426095831
4328.975985303941,id_1,0.0,-0.1192325662193151,0.0094703173490745,0.12884970905874035,-0.0032100859793908476,1.1213878823343175
4328.995499331997,id_1,0.0,-0.1194764829703435,0.0117710275913192,0.13311001210460666,-0.005763753338611885,1.1211929753483003
4329.015013360054,id_1,0.0,-0.119547968385705,0.0141368371237988,0.13718396574909514,-0.0066969659436269995,1.1224456055143188
4329.034527388109,id_1,0.0,-0.1195509238922552,0.0164856656478917,0.1417756609928479,-0.009215647998659248,1.1242802882912275
4329.054041416165,id_1,0.0,-0.1195737936478872,0.0188792626119472,0.14807883444441663,-0.012770975888716861,1.1253931259029608
4329.073555444222,id_1,0.0,-0.1195968410700006,0.0212708538384905,0.15469414378123522,-0.016429834735930498,1.1257730668860937
4329.093069472277,id_1,0.0,-0.1196082378833675,0.0236851970217223,0.160348691929759,-0.02060653421999011,1.126654434386583
4329.112583500334,id_1,0.0,-0.1196059374957733,0.026108513446109,0.16498831085054394,-0.02429141005914586,1.127875435549878
4329.13209752839,id_1,0.0,-0.1195929948181909,0.0285417588826142,0.16908638454692454,-0.027830450471361547,1.1285460283547086
4329.151611556446,id_1,0.0,-0.1195792542758767,0.0310054713081627,0.17394779173563332,-0.031319280392476216,1.129514470741235
4329.171125584502,id_1,0.0,-0.1195202831271963,0.0334878912729317,0.17930648229293636,-0.03565690653922068,1.1300951965344967
4329.190639612559,id_1,0.0,-0.119465348446515,0.0359884109658772,0.1881236609162613,-0.03966111163066027,1.1308156717787248
4329.210153640614,id_1,0.0,-0.1193333860200384,0.0385785079061773,0.1937495536168653,-0.044224312545224784,1.1316054999538336
4329.22966766867,id_1,0.0,-0.1193160886228206,0.041046083568186,0.20105604004581767,-0.05195576202784118,1.1308378796455625
4329.249181696727,id_1,0.0,-0.119213212083157,0.0436451397336125,0.20865890201081017,-0.057414927900652266,1.1307450925613651
4329.268695724782,id_1,0.0,-0.119015381356143,0.0463558928344842,0.21735105973456334,-0.062201500894744195,1.1299231647394186
4329.288209752839,id_1,0.0,-0.118815100836221,0.0491001269278345,0.22773413830280234,-0.06807490112152222,1.1286017665841785
4329.307723780895,id_1,0.0,-0.1187021554977365,0.0518172930609108,0.23943023281988488,-0.07538392669594281,1.1266203256815943
4329.327237808951,id_1,0.0,-0.1185722639365068,0.0545105736332111,0.2499904256011865,-0.08355633127580288,1.1235707818044154
4329.346751837007,id_1,0.0,-0.1184021803163281,0.0571443539891843,0.25943982069023386,-0.09102873000058749,1.120292312609789
4329.366265865063,id_1,0.0,-0.1182550458315561,0.0597489801264046,0.2682503496615669,-0.09664888298904756,1.1165226214757438
4329.385779893119,id_1,0.0,-0.1181382985302097,0.0622991529126127,0.2761919373964254,-0.10096875572600861,1.1130048970963513
4329.405293921175,id_1,0.0,-0.1181053430899244,0.0647118395318261,0.2809060990717908,-0.10512852455114761,1.110202702654731
4329.424807949232,id_1,0.0,-0.1178418047511162,0.0671906780501278,0.2863972503165091,-0.10520642697871349,1.1084157583687708
4329.4443219772875,id_1,0.0,-0.1176275174985255,0.0695796414081594,0.29104055682286534,-0.10510755775805049,1.1084527369979427
4329.463836005344,id_1,0.0,-0.1173675715424014,0.0718785589512501,0.29676441501585954,-0.10579478095147873,1.1096703341029786
4329.4833500334,id_1,0.0,-0.117142287993438,0.074087952974208,0.3017880231899487,-0.10755036369023668,1.1106441379535488
4329.502864061456,id_1,0.0,-0.1169175099243737,0.0762276208019083,0.30864236499368,-0.10917312431964309,1.111742833768531
4329.522378089512,id_1,0.0,-0.1166634434324982,0.0783093023486985,0.31605115810533657,-0.11077019873538452,1.112454077948249
4329.541892117568,id_1,0.0,-0.1164712405541612,0.0802658931527942,0.32325243082484717,-0.11268781360258978,1.111737667903452
4329.5614061456245,id_1,0.0,-0.1162630043879738,0.0821726759213459,0.3296648718127375,-0.1138565249875427,1.111348986094802
4329.58092017368,id_1,0.0,-0.1160822778662403,0.0840125983260012,0.33517513497867624,-0.1153307292792482,1.1112428348056025
4329.600434201737,id_1,0.0,-0.1158853269107259,0.085785739399668,0.3399123806463952,-0.11676167761930414,1.1114128569538186
4329.6199482297925,id_1,0.0,-0.1157070729811627,0.0875212958361535,0.34476643218485364,-0.11822627309397346,1.1116043155002373
4329.639462257849,id_1,0.0,-0.1155528574745135,0.0892232515568952,0.34811317794852664,-0.11922337863929248,1.1109140785793146
4329.658976285905,id_1,0.0,-0.1153837703832417,0.0908819116751443,0.35035164905603455,-0.12053485031859379,1.1108190075778164
4329.678490313961,id_1,0.0,-0.1151816433012755,0.0925199668806815,0.3517047932200135,-0.12189029869148182,1.1112903352583297
4329.698004342017,id_1,0.0,-0.1149490205908319,0.0941403650843441,0.35232571269559954,-0.12282620665976696,1.1120742101267715
4329.717518370073,id_1,0.0,-0.1147287670180869,0.0957420968897715,0.35251621126641225,-0.12423790121875462,1.1124598015665759
4329.7370323981295,id_1,0.0,-0.1144501958222744,0.097317215006168,0.3541063742156752,-0.12577677232764917,1.1132425881241432
4329.756546426185,id_1,0.0,-0.1141685095174003,0.098857758818537,0.35542855310567845,-0.12747075028442278,1.1138809243679213
4329.776060454242,id_1,0.0,-0.1138208719748235,0.1003635963235064,0.35711892600148254,-0.12938687073384494,1.114690585344782
4329.7955744822975,id_1,0.0,-0.1134252202536292,0.1018191557202285,0.3601966667561765,-0.1316817628889921,1.1154863653720253
4329.815088510354,id_1,0.0,-0.1129502657984503,0.1032154626991212,0.3635369105164575,-0.13495402637635312,1.1164031501995382
4329.83460253841,id_1,0.0,-0.1124118542178945,0.1045217342610841,0.3664341667232901,-0.1381232816894964,1.1175834211954976
4329.8541165664665,id_1,0.0,-0.1118440693110257,0.1057913032228055,0.3721472975391405,-0.1423041370321989,1.1181178628454111
4329.873630594522,id_1,0.0,-0.1112033666773432,0.1069291077647245,0.37727769164783354,-0.14667441260459105,1.1189293173939698
4329.893144622578,id_1,0.0,-0.1105265422990098,0.1079776435529086,0.38254881354860104,-0.15095922307030776,1.1187985327333108
4329.9126586506345,id_1,0.0,-0.1097963833600159,0.1089239282863685,0.38639208836738087,-0.1547235297714714,1.1189474898882548
4329.93217267869,id_1,0.0,-0.1090523748992154,0.1097380476728745,0.3902985055498826,-0.15788757870686387,1.1189570750046136
4329.951686706747,id_1,0.0,-0.1082438215942791,0.1104246928083381,0.39304967203574237,-0.1604314265316378,1.11899734635926
4329.971200734803,id_1,0.0,-0.1074120555644835,0.1109691483353347,0.39545991892840315,-0.16258776098640607,1.1187608668318927
4329.990714762859,id_1,0.0,-0.1065272020567528,0.1113713572019819,0.398183265443307,-0.1644981984616294,1.118437066317174
4330.010228790915,id_1,0.0,-0.1055936840588434,0.1115728409850553,0.3971035278261834,-0.16503898399273648,1.1184304461841508
4330.0297428189715,id_1,0.0,-0.1046248041562093,0.1116868379577568,0.39876704481284675,-0.16643132847476513,1.1181241511193534
4330.049256847027,id_1,0.0,-0.1036221244330093,0.1116123117628861,0.4000896759266757,-0.16780430492811957,1.1179711431998294
4330.068770875083,id_1,0.0,-0.1025856180809292,0.111436443937029,0.40007109016584336,-0.1678921569747178,1.1174947444110863
4330.0882849031395,id_1,0.0,-0.1014995484987211,0.1111580521331172,0.4006521993023517,-0.16745204919435147,1.1167878077470066
4330.107798931195,id_1,0.0,-0.1004292733439107,0.110716282558242,0.4006241420253244,-0.16721038315268943,1.115776897937029
4330.127312959252,id_1,0.0,-0.0993703111909248,0.1101501754047687,0.39974836086428217,-0.16638902861445512,1.114247836696207
4330.146826987308,id_1,0.0,-0.0983189376949644,0.1094508076834661,0.39776448195444297,-0.16498954762488116,1.1120386702098937
4330.166341015364,id_1,0.0,-0.0973120472670776,0.1086374889512224,0.39512719014583,-0.16411063573137508,1.109069994186405
4330.18585504342,id_1,0.0,-0.0962931455608424,0.1077927056502157,0.3954449060725287,-0.1636151118323087,1.1052769081941793
4330.2053690714765,id_1,0.0,-0.0952937085434762,0.1068120059631108,0.39280816043627587,-0.16291784448110375,1.1013747025395266
4330.224883099532,id_1,0.0,-0.0943021755428141,0.1057452259776457,0.38688292968635,-0.16093319051085753,1.0978709843214016
4330.244397127588,id_1,0.0,-0.093280287302759,0.1045844224871683,0.37715545615420754,-0.15757721682297854,1.0952306338346218
4330.263911155645,id_1,0.0,-0.0922803583457414,0.1033922434457557,0.36997570715210465,-0.15533570840565764,1.092395744358326
4330.2834251837,id_1,0.0,-0.0912614655223617,0.1021313048806383,0.3588209654872591,-0.15218525552607778,1.0895877083720906
4330.302939211757,id_1,0.0,-0.090253426122789,0.1008625626635047,0.3481863218460493,-0.1482953716318634,1.086676058653725
4330.322453239813,id_1,0.0,-0.0892726684824081,0.0995374821566177,0.3378033637493371,-0.14472972382964605,1.083493954003338
4330.341967267869,id_1,0.0,-0.0882984647004015,0.0981850522911754,0.32739055051566424,-0.14240097850983108,1.0807111382550327
4330.361481295925,id_1,0.0,-0.0873136656266471,0.0967923184969742,0.318874471372367,-0.1407689254029329,1.0779190465396535
4330.380995323982,id_1,0.0,-0.0862920509615871,0.0953780928578583,0.3111623036692525,-0.1392203002782535,1.0750740642082854
4330.400509352037,id_1,0.0,-0.0852984857339991,0.0939151849213633,0.3030153099078436,-0.13808299945323912,1.0718795588865226
4330.420023380093,id_1,0.0,-0.0843360378415716,0.0924280313045544,0.29602975423879735,-0.13764735296667346,1.0678589409428143
4330.43953740815,id_1,0.0,-0.0833913558018038,0.0909042428832539,0.2891618756379154,-0.1368145012108197,1.062891712202942
4330.459051436205,id_1,0.0,-0.0824683811961425,0.0893623407482926,0.2836953631012089,-0.13705500275752713,1.0564433853752087
4330.478565464262,id_1,0.0,-0.0815606687807429,0.0877906693249628,0.27739171220100534,-0.13766224485575848,1.0495136142765105
4330.498079492318,id_1,0.0,-0.0806933570722007,0.0861825040093502,0.2702538230297811,-0.1373842377706066,1.0426925059601344
4330.517593520374,id_1,0.0,-0.0798310755729192,0.0845749385155851,0.2627138776367244,-0.13631131945266187,1.0364039260047342
4330.53710754843,id_1,0.0,-0.0789717395566229,0.082913932462676,0.254540514760626,-0.1349275008951449,1.0302737386197354
4330.556621576487,id_1,0.0,-0.0780997093927913,0.0812450217604453,0.24343397775259512,-0.13375694613422884,1.0246519170849333
4330.576135604542,id_1,0.0,-0.0771104633760297,0.0795416484433839,0.23662590337822262,-0.13162210106173744,1.0200282919463537
4330.595649632598,id_1,0.0,-0.0761384478256061,0.0778325674233482,0.22983548299619416,-0.12997444617320283,1.0151028436594878
4330.615163660655,id_1,0.0,-0.0751070989259765,0.0761109791724224,0.22386926265821414,-0.12835125871904446,1.010414855719425
4330.63467768871,id_1,0.0,-0.0740263343848122,0.0743910760143281,0.21500072948604862,-0.1257347698779316,1.0060468276086505
4330.654191716767,id_1,0.0,-0.0729454606167495,0.0726543705134,0.20599444413680357,-0.12187844322676795,1.0017438711067548
4330.673705744823,id_1,0.0,-0.0718873137772348,0.0709309224166494,0.1954191844795479,-0.11769323722931871,0.9977588412120147
4330.693219772879,id_1,0.0,-0.0708346089279065,0.0692457928811649,0.18690099690159862,-0.11367391220254747,0.9938618436800948
4330.712733800935,id_1,0.0,-0.0697518051626338,0.0676030055396762,0.18074644690443095,-0.11048138846061406,0.9898833762716734
4330.732247828991,id_1,0.0,-0.0686527119592998,0.0659999153331973,0.17474828036785423,-0.10719194224963753,0.9859814273188542
4330.751761857047,id_1,0.0,-0.0675501233405244,0.0644710347983204,0.16745427726004752,-0.10350557875462307,0.9823773835982346
4330.771275885103,id_1,0.0,-0.0665242330380366,0.0629546102097819,0.16354381995232017,-0.1002466016892338,0.9782811149145796
4330.79078991316,id_1,0.0,-0.0654665147090221,0.0614966184912413,0.15586160151908476,-0.09726600943685974,0.9745260062505706
4330.810303941215,id_1,0.0,-0.0644649959668703,0.0601036119122116,0.15095108424420617,-0.094042513576542,0.9708252775656337
4330.829817969272,id_1,0.0,-0.0634988968871754,0.0587668269674269,0.146653561230719,-0.09054633102007859,0.9671212751935626
4330.849331997328,id_1,0.0,-0.0625323602836724,0.0574527718418102,0.14245374226085886,-0.08748911994550153,0.9638223651491529
4330.868846025384,id_1,0.0,-0.0615971670909766,0.056165218232941,0.1379793500930644,-0.08548357142648974,0.9600606996624464
4330.88836005344,id_1,0.0,-0.0606688368817348,0.0549177140689998,0.1332449313713352,-0.08345775180885397,0.9572132867419826
4330.907874081496,id_1,0.0,-0.0597470750158297,0.053707785720038,0.1296624725644961,-0.0827650455966611,0.9545387714537223
4330.927388109552,id_1,0.0,-0.058866002050064,0.0525211387026891,0.1272908564465225,-0.08258684665581822,0.9521202911268872
4330.946902137608,id_1,0.0,-0.0580227415798963,0.0513332178680539,0.12601664043291957,-0.08301096607090795,0.9497577060444259
4330.966416165665,id_1,0.0,-0.0571922794511338,0.0501292738193441,0.12379293109311708,-0.08316514661871238,0.9483607274067114
4330.98593019372,id_1,0.0,-0.0563820116020767,0.0489651287933351,0.1205235005688728,-0.085585079814079,0.9475085171289973
4331.005444221777,id_1,0.0,-0.0555930250207455,0.0477421796550682,0.11853404969288739,-0.08769756495138009,0.9472105605972393
4331.024958249833,id_1,0.0,-0.054855495835467,0.0465469514213774,0.11433798336773032,-0.08968127320329577,0.9464038536171763
4331.044472277889,id_1,0.0,-0.054141613968913,0.0452802173387594,0.10963168774598389,-0.09140318643560379,0.9457628783987797
4331.063986305945,id_1,0.0,-0.0534663183363624,0.0439869200999833,0.10561759539265266,-0.09316505098253125,0.9448628391563334
4331.083500334001,id_1,0.0,-0.0527668905664295,0.0426857330236001,0.09953289703004431,-0.0954961407929994,0.9440649346795789
4331.103014362057,id_1,0.0,-0.0520947692902774,0.0413291667981678,0.0939892889981123,-0.0969374744250007,0.9437469819738271
4331.122528390113,id_1,0.0,-0.0514385181908515,0.0399412440516949,0.09034498393350693,-0.09811884166186305,0.9434980096712218
4331.14204241817,id_1,0.0,-0.0508469801712447,0.0384799097647087,0.08779847820824731,-0.10050306762204457,0.9432623685967939
4331.161556446225,id_1,0.0,-0.0502419766832612,0.0370326954697533,0.08458242931583752,-0.10311132757790614,0.9430007748221967
4331.181070474282,id_1,0.0,-0.0496081293023952,0.0355557164186371,0.08357064801401327,-0.10498872669754196,0.9425988835120414
4331.200584502338,id_1,0.0,-0.0489129913842281,0.034071846419297,0.08097039507400393,-0.10600596346881466,0.9419868095037274
4331.220098530394,id_1,0.0,-0.0481857376967197,0.0325438415428876,0.07916160152815883,-0.10629122223024448,0.9412946123490697
4331.23961255845,id_1,0.0,-0.0474253825014513,0.0309610193887684,0.0780305412128238,-0.10534053282894777,0.9405698232391236
4331.259126586506,id_1,0.0,-0.0465776702785731,0.0293641937208803,0.07555920242860165,-0.10307031385871558,0.9405613823849129
4331.278640614562,id_1,0.0,-0.0457324225031344,0.0277463163622152,0.07549674620670613,-0.10130651508071635,0.9409689428662669
4331.298154642618,id_1,0.0,-0.0448286188615448,0.0261180531813172,0.0765668640114481,-0.09899654636676772,0.9422738607801123
4331.317668670675,id_1,0.0,-0.0438600436363276,0.0245283372488143,0.07362975224163225,-0.0965245218559336,0.9426906402827177
4331.33718269873,id_1,0.0,-0.042882781030735,0.0229034729797811,0.07129781162607798,-0.0938916698782092,0.9432119067997612
4331.356696726787,id_1,0.0,-0.0419194375265603,0.0212934500354685,0.0703368169864224,-0.09115172627543108,0.9450710669745842
4331.376210754843,id_1,0.0,-0.0408929912666315,0.0197018348989433,0.06514735291643754,-0.08792965779240271,0.9467786515407388
4331.395724782899,id_1,0.0,-0.0399529809146233,0.0180877175179439,0.06321449644995382,-0.08396210774367827,0.9491510014517801
4331.415238810955,id_1,0.0,-0.0389780729825069,0.0164765071105268,0.05899317270642089,-0.0804176290303917,0.9498574043513438
4331.434752839011,id_1,0.0,-0.0379634572115975,0.0149785222653013,0.05370694086926497,-0.07788833837056737,0.9499622131796442
4331.454266867067,id_1,0.0,-0.0370091505106879,0.0134949046325278,0.051161644833171274,-0.07594427770514114,0.9507313693285738
4331.473780895123,id_1,0.0,-0.036006066929446,0.0119731761485941,0.045911983089065585,-0.07424714819694185,0.9519365877291543
4331.49329492318,id_1,0.0,-0.0350361028015164,0.0105143004266482,0.0425579811283563,-0.07295051978673436,0.9520599194958462
4331.5128089512355,id_1,0.0,-0.0341067977683266,0.0090522754549834,0.04062590838673086,-0.07306371597149579,0.9512644576996315
4331.532322979292,id_1,0.0,-0.0331305562050108,0.0076245907283195,0.038051430128426614,-0.07445200322219975,0.9508432459979981
4331.551837007348,id_1,0.0,-0.0321353236773043,0.0061627150535355,0.036264225659334993,-0.07713554864048817,0.9502310719966279
4331.571351035404,id_1,0.0,-0.0310635734194389,0.0047851574627164,0.033322884629169526,-0.07873547509592374,0.9491719513885871
4331.59086506346,id_1,0.0,-0.0299914833529956,0.0034053207159192,0.030831420922001213,-0.07950985642297052,0.947235354826609
4331.610379091516,id_1,0.0,-0.0288876870210662,0.0020262314399548,0.02874669141860893,-0.07961699219143732,0.9464462925255568
4331.629893119572,id_1,0.0,-0.0277791581450386,0.0006546212234226,0.027182665777820598,-0.0783091303570254,0.9467653580720286
4331.649407147628,id_1,0.0,-0.0266727716130395,-0.000745132124009,0.02760886211223882,-0.07757184332863509,0.9462805842299689
4331.668921175685,id_1,0.0,-0.0255662646304606,-0.0021301997419132,0.030357545519517033,-0.07674956963478988,0.947255620836842
4331.6884352037405,id_1,0.0,-0.0244575427606946,-0.0034748610481801,0.03407688328638551,-0.07701752817868611,0.9472859964912849
4331.707949231797,id_1,0.0,-0.0233806364978666,-0.0048324103126347,0.03860540563360908,-0.07686555212932186,0.9475047915591494
4331.727463259853,id_1,0.0,-0.0222743964371642,-0.006147474078644,0.04392093199051603,-0.0757845191024355,0.9472130116090329
4331.746977287909,id_1,0.0,-0.0211822044217172,-0.0074680399876169,0.04982113571372339,-0.07441090010559619,0.9474315660819649
4331.766491315965,id_1,0.0,-0.0201516985029059,-0.0087544745166873,0.05419663538229891,-0.07210424172099801,0.9477331052526901
4331.786005344021,id_1,0.0,-0.0191225220046705,-0.0100380216951441,0.05477394035964423,-0.06935626995706248,0.9482852355105061
4331.8055193720775,id_1,0.0,-0.0181311321244039,-0.011308429114638,0.05548221578731009,-0.064983953597418,0.947961734638565
4331.825033400133,id_1,0.0,-0.0170991435929068,-0.01258276045464,0.05448832749211645,-0.05988299548359272,0.9486105522050312
4331.84454742819,id_1,0.0,-0.0161661513193002,-0.0138427663433424,0.05425042562787434,-0.05477369365852798,0.9489366669484325
4331.8640614562455,id_1,0.0,-0.0152817258411327,-0.0151475770378414,0.052982114892501896,-0.051414178022903975,0.9507281507278366
4331.883575484302,id_1,0.0,-0.0143769815771978,-0.0164537833653564,0.05101845638915746,-0.049480238397140365,0.9527814689878913
4331.903089512358,id_1,0.0,-0.0135669179155686,-0.0177978665334735,0.04884883875759614,-0.049961457765358694,0.9536986229560459
4331.9226035404145,id_1,0.0,-0.0127787118205906,-0.0191697393889633,0.04488147431302002,-0.050305258938626266,0.9536833795889359
4331.94211756847,id_1,0.0,-0.011986721810484,-0.0205449423706008,0.03760064282614703,-0.048123249766738666,0.9538373481415814
4331.961631596526,id_1,0.0,-0.0112476852350123,-0.0219333928048491,0.028228697633151507,-0.043685525923644324,0.9536576846126683
4331.9811456245825,id_1,0.0,-0.0106337363587784,-0.0233403067236059,0.019799136674049058,-0.03862102354133215,0.9529212186161925
4332.000659652638,id_1,0.0,-0.0100115960706582,-0.0247366198732973,0.012594922252204398,-0.032788636062847834,0.9534377355602648
4332.020173680695,id_1,0.0,-0.0094212491553579,-0.0261390552044333,0.0077062418340499645,-0.026672597942970153,0.9535417385137444
4332.0396877087505,id_1,0.0,-0.0087947095228477,-0.0275091342093496,0.0036261184102928112,-0.020509766875978948,0.9529879573391934
4332.059201736807,id_1,0.0,-0.0081935691142087,-0.0288781668261695,0.00021239695776147243,-0.0150145505812391,0.9520640670097311
4332.078715764863,id_1,0.0,-0.0076342205705797,-0.0302070600495139,-0.0030196343009097205,-0.010024612438078966,0.9508281552478746
4332.098229792919,id_1,0.0,-0.0071115910867697,-0.0315173270777358,-0.005457562204682426,-0.005935553249805015,0.9491373065648936
4332.117743820975,id_1,0.0,-0.006591758918509,-0.0328010886144115,-0.005884479022067891,-0.003333724791330277,0.9472111440066467
4332.137257849031,id_1,0.0,-0.0060810038667926,-0.0340575470736953,-0.005109168251801169,-0.0016703259166138652,0.9455617635027598
4332.1567718770875,id_1,0.0,-0.0055835156833593,-0.0352946987165286,-0.004833018143191778,-0.00043297838271112206,0.9439404754590721
4332.176285905143,id_1,0.0,-0.0051022116455133,-0.0365411918534712,-0.00399720624126613,0.0003312411322933332,0.942395923055034
4332.1957999332,id_1,0.0,-0.0046292847131662,-0.0377937680676886,-0.0020293124485244083,0.00017220185803220727,0.9408958338711214
4332.215313961256,id_1,0.0,-0.0041822750635991,-0.0390591260484036,0.0006160630567856755,-0.0008276834748324808,0.940039936711358
4332.234827989312,id_1,0.0,-0.0037644099205896,-0.0403617280393041,0.0027341730510937654,-0.001980863347368642,0.9394889569043471
4332.254342017368,id_1,0.0,-0.0033729360685336,-0.0416816396931452,0.003490469763732524,-0.002869789591578401,0.9389569923658627
4332.273856045424,id_1,0.0,-0.0030145220226034,-0.0430018022982672,0.0016789001569911038,-0.0030366341004764777,0.9385388145970025
4332.29337007348,id_1,0.0,-0.0026512726647177,-0.0443323802624155,-0.0020051645364336512,-0.001627886700369394,0.9382145011054278
4332.312884101536,id_1,0.0,-0.0022477392287563,-0.0456418863810921,-0.006431299288358585,-2.392829325084546e-05,0.9380754014557343
4332.332398129593,id_1,0.0,-0.0018293518709943,-0.0469139170584314,-0.010610042962624806,0.0020638205744740756,0.9381360163120839
4332.351912157648,id_1,0.0,-0.0013901880609047,-0.0481325990309275,-0.015000638540399807,0.004612455721370074,0.9380853206679729
4332.371426185705,id_1,0.0,-0.0009465727537901,-0.0493049073289813,-0.018608867897876538,0.00752931904495296,0.9378961792121406
4332.390940213761,id_1,0.0,-0.0005046594701883,-0.05040784450665,-0.02071637503772374,0.010279111767320407,0.9374781882925408
4332.410454241817,id_1,0.0,-7.428787709063774e-05,-0.0514501979352537,-0.021076032491391762,0.01179617067251324,0.93723121747937
4332.429968269873,id_1,0.0,0.0003183463135652,-0.0524342418968083,-0.020328086152562767,0.01172199103327924,0.9366587148775823
4332.449482297929,id_1,0.0,0.0006556849647339,-0.0533785976462527,-0.019618675313167237,0.011272924596344863,0.9362024490166309
4332.468996325985,id_1,0.0,0.0009878856272154,-0.0542820573508547,-0.020065680197788066,0.010439025665277032,0.9353553286231623
4332.488510354041,id_1,0.0,0.0013062852563878,-0.055181074140272,-0.020422072335664468,0.01038697839568975,0.9346315901808876
4332.508024382098,id_1,0.0,0.0016019722052826,-0.0560736694568763,-0.02234869553376412,0.011405547684680684,0.9352894577678357
4332.527538410153,id_1,0.0,0.001950543319087,-0.0569821754392574,-0.02316960141876161,0.012292024259831976,0.9352132242015831
4332.54705243821,id_1,0.0,0.0023063251577396,-0.057896994036837,-0.02533401487658184,0.013985074114771082,0.9356153078001116
4332.566566466266,id_1,0.0,0.0027228585084565,-0.0588699160380001,-0.028339785419078424,0.016539858513903324,0.9361519339235547
4332.586080494322,id_1,0.0,0.0031503377153968,-0.0598259129120394,-0.03126542310773659,0.020070489889337347,0.9363321408005086
4332.605594522378,id_1,0.0,0.0036262492602685,-0.0608127761685833,-0.03420992619536934,0.02376715397548529,0.9358980530996324
4332.625108550434,id_1,0.0,0.0041096642782566,-0.0617654601826564,-0.03530239787640765,0.02756331911680297,0.9331785517093387
4332.64462257849,id_1,0.0,0.0045960049901983,-0.062777884977098,-0.03652192609597349,0.0330918225497982,0.9314035247561251
4332.664136606546,id_1,0.0,0.0051645838585683,-0.0637462894199214,-0.038617973989110474,0.0394792063208681,0.9286032792593697
4332.683650634603,id_1,0.0,0.0057151816456705,-0.0647352017405147,-0.039423605712620595,0.046463677139989716,0.9265487710004982
4332.703164662658,id_1,0.0,0.0063320622682845,-0.065693220251546,-0.037773355191983854,0.05306129175449629,0.9236312238916023
4332.722678690715,id_1,0.0,0.0069269849186285,-0.0666354556624749,-0.03752362427757225,0.05891058155647093,0.9206160966919105
4332.742192718771,id_1,0.0,0.007542312490594,-0.0675068607482795,-0.04016640373515064,0.0639936901622989,0.917875482029533
4332.761706746827,id_1,0.0,0.0081559148060608,-0.0682940960435206,-0.04342866648852333,0.0668107518632998,0.9137388749503746
4332.781220774883,id_1,0.0,0.0087925585593994,-0.068865891028381,-0.04633699547100254,0.071996357042283,0.9115365648607333
4332.800734802939,id_1,0.0,0.0093949501170577,-0.0693679726598271,-0.050250736075368695,0.07586877248632413,0.9087042485002063
4332.820248830995,id_1,0.0,0.0100771829034291,-0.0697014526996876,-0.05398040693300047,0.08055628269690769,0.906305678656235
4332.839762859051,id_1,0.0,0.0108149367656657,-0.0698259988864172,-0.057951601770329965,0.08589642487703668,0.9049351377210172
4332.859276887108,id_1,0.0,0.0116161678128986,-0.0697365047872643,-0.061368598832902584,0.09106237591480203,0.9027625240092647
4332.878790915163,id_1,0.0,0.0124635588508075,-0.0694339839918487,-0.062044109820036525,0.09457222478127408,0.8987809166310102
4332.89830494322,id_1,0.0,0.0132935757505241,-0.069018174684724,-0.06269730784330177,0.09713228442240533,0.8957253010194517
4332.917818971276,id_1,0.0,0.0141716910264854,-0.0684868374523393,-0.06265148139717212,0.09929911279688029,0.8928907050787569
4332.937332999332,id_1,0.0,0.0150778932864786,-0.0679293339292113,-0.060852046470569694,0.0994134350236886,0.8897150120269819
4332.956847027388,id_1,0.0,0.0159758398756023,-0.0673690813308043,-0.05898141393427596,0.0976133791788943,0.8877796707480955
4332.976361055444,id_1,0.0,0.0168811949177497,-0.0666214407078052,-0.056964864658586564,0.09629435085010464,0.8851591488709776
4332.9958750835,id_1,0.0,0.0178449655021444,-0.0658301289539041,-0.05674633298668378,0.09371806498578482,0.8814752410925071
4333.015389111556,id_1,0.0,0.0187159588777585,-0.0650086867269583,-0.05883152462741047,0.09257002464094895,0.8790959888956412
4333.034903139613,id_1,0.0,0.0196545044891716,-0.0640061318654204,-0.05934721384837417,0.09151136420740062,0.8769553867365899
4333.054417167668,id_1,0.0,0.0206179080193361,-0.0628812473638222,-0.0594125011700639,0.08740481308413141,0.8730204639942611
4333.073931195725,id_1,0.0,0.0215036093427197,-0.0616737446550372,-0.05562714594483088,0.08440953929466495,0.8722142811051293
4333.093445223781,id_1,0.0,0.0224458911930346,-0.0603335507028492,-0.050615746195678164,0.07959832009582363,0.8700250410696034
4333.112959251837,id_1,0.0,0.0234028053410295,-0.0589320139890048,-0.04646677620169507,0.07451634797232942,0.8686445803006008
4333.132473279893,id_1,0.0,0.0243119009024508,-0.0574785805162844,-0.04361005775297175,0.07026311584213818,0.8689957776018042
4333.151987307949,id_1,0.0,0.0251856540224742,-0.0559564460643398,-0.042174869384239096,0.06733166411232445,0.8693733467315412
4333.171501336005,id_1,0.0,0.0260422623600825,-0.0543386208346224,-0.040134268020491366,0.063768713314072,0.8683275968456629
4333.191015364061,id_1,0.0,0.0269114224702173,-0.0526156653025009,-0.03910109606124899,0.060533423144027,0.8674516068433205
4333.210529392118,id_1,0.0,0.0276584131904021,-0.0508815978175016,-0.035912497675295404,0.05790953560290246,0.8662326524609083
4333.230043420173,id_1,0.0,0.0284279976909233,-0.0491052832872177,-0.03443189451336969,0.0546137939755218,0.8634580156003151
4333.24955744823,id_1,0.0,0.0291475382681558,-0.0473562125717677,-0.032981641408416106,0.05241497745849992,0.8631086738974367
4333.269071476286,id_1,0.0,0.0299387137811863,-0.0456035349216167,-0.03211222447047072,0.04979959430561145,0.8592043197983718
4333.288585504342,id_1,0.0,0.0307677931694713,-0.0439256793463311,-0.03284446758762819,0.04781817652624538,0.8550965010101393
4333.308099532398,id_1,0.0,0.0316445981119664,-0.0423493967056609,-0.03355664421877257,0.045531953672962665,0.8504217377396726
4333.327613560454,id_1,0.0,0.0325278037772141,-0.0408028932791862,-0.031578291310210636,0.04224345968997726,0.8467049451700028
4333.34712758851,id_1,0.0,0.0334700178412451,-0.0393038885323388,-0.03125900780564369,0.03982571162828258,0.8428074588771763
4333.366641616566,id_1,0.0,0.0344980164235426,-0.0378355608671333,-0.032344796662334106,0.039214397470561574,0.8395656896410942
4333.386155644623,id_1,0.0,0.0355680689707603,-0.0363630061538218,-0.033085159109691405,0.039657882762815566,0.8362768229433999
4333.405669672678,id_1,0.0,0.0366687579029741,-0.0349157392360334,-0.032967693694157335,0.04019458293562265,0.8340921458954947
4333.425183700735,id_1,0.0,0.0377671710214946,-0.0334355157106807,-0.031084395177473422,0.0400392938972358,0.8312030482304759
4333.444697728791,id_1,0.0,0.0388831575113556,-0.0319216551550272,-0.029290155192493728,0.03967609897218633,0.8281265279236693
4333.464211756846,id_1,0.0,0.0400188440171092,-0.030351965759234,-0.027369267175343538,0.03889302538247107,0.8256111276172549
4333.483725784903,id_1,0.0,0.0411026194374667,-0.0287668763797843,-0.022558022358836055,0.03747490674197689,0.8230112103927053
4333.503239812959,id_1,0.0,0.0421617865791101,-0.0271335003673195,-0.01727711969302776,0.03586253951696784,0.8209382268227042
4333.522753841015,id_1,0.0,0.0432213696554858,-0.025470562532067,-0.01246436079476325,0.03389415358813078,0.8184888680843198
4333.542267869071,id_1,0.0,0.0442488839576651,-0.0237770569161579,-0.0078086678974141,0.03208810033336261,0.8163798288934132
4333.561781897128,id_1,0.0,0.0452413854331393,-0.0220079926230228,-0.002315313028747416,0.03063508400278827,0.815792670149866
4333.581295925183,id_1,0.0,0.0462471075613307,-0.0201713448542133,0.0041014116492179235,0.02893204608601688,0.8162030987564047
4333.60080995324,id_1,0.0,0.0472673595656502,-0.018264431369392,0.010299722164029638,0.027357172956601318,0.8163482729271959
4333.620323981296,id_1,0.0,0.0483019250623512,-0.0163132574196199,0.01576496397503485,0.02647390935804052,0.8160645138971512
4333.6398380093515,id_1,0.0,0.0492624990538538,-0.0143386572133747,0.021519014792363404,0.025116925295047075,0.8155447120412126
4333.659352037408,id_1,0.0,0.050171985107376,-0.0123515526517288,0.026892384419500585,0.023337346833282806,0.8153723521160189
4333.678866065464,id_1,0.0,0.0510736470642983,-0.0103036641692159,0.03175569075370681,0.02161390407366976,0.8153368286209207
4333.69838009352,id_1,0.0,0.0519492206908896,-0.0082200965736992,0.03570841806744807,0.02036058343205237,0.815383444461095
4333.717894121576,id_1,0.0,0.0528664277228701,-0.0061181973956202,0.039045411859075,0.01882760527857127,0.8146801008305793
4333.737408149633,id_1,0.0,0.0537536761931633,-0.0039821581609375,0.04248885798860365,0.01707471079929157,0.8142727836985455
4333.7569221776885,id_1,0.0,0.0546858870715466,-0.0018196030919262,0.04573192037593256,0.0153188925454826,0.8143476842813228
4333.776436205745,id_1,0.0,0.0555743604834596,0.0003409946956407,0.04850937213902705,0.012802901616886585,0.8146978409678752
4333.795950233801,id_1,0.0,0.0564473363732352,0.002519569478683,0.05155624967136991,0.009413011356772404,0.8150504611253899
4333.8154642618565,id_1,0.0,0.0574103406567987,0.0047290153731103,0.05460965812097206,0.006529972345000886,0.815073500160533
4333.834978289913,id_1,0.0,0.0584231709175794,0.0069806599159588,0.05913872211390161,0.0030273303344242703,0.8149643738589607
4333.854492317969,id_1,0.0,0.0593510528841438,0.0092290824051885,0.06414683587640299,-0.0013841805120211582,0.8153494387496301
4333.874006346025,id_1,0.0,0.0603037968979129,0.0114890959147526,0.06913118189529006,-0.006303297884527986,0.8158145975081539
4333.893520374081,id_1,0.0,0.0612735648356662,0.0137480138764076,0.07395284304323792,-0.012125629340869654,0.8163444886660034
4333.913034402138,id_1,0.0,0.0622418098878509,0.0160015131665672,0.07895221513508689,-0.01771789395643878,0.8172583534534948
4333.9325484301935,id_1,0.0,0.0632334116574985,0.0182773466602349,0.08484024330592475,-0.023542448365687935,0.8176712545299408
4333.95206245825,id_1,0.0,0.0642185737512041,0.0205560308740262,0.0900608538281516,-0.0285623287756402,0.818898183026614
4333.971576486306,id_1,0.0,0.0651898761789542,0.022854898291828,0.09532919650613078,-0.03289868312128296,0.8211197562893636
4333.9910905143615,id_1,0.0,0.0659982181054535,0.025119423348215,0.09922378365581096,-0.0374142599210758,0.8251961172863935
4334.010604542418,id_1,0.0,0.0670573703988895,0.0274316293875908,0.10377120923023368,-0.040744778533480824,0.8280832681069594
4334.030118570474,id_1,0.0,0.0680310769244038,0.0297199828579897,0.10650337063647879,-0.043328683863718964,0.8305814313766042
4334.0496325985305,id_1,0.0,0.0688793329495322,0.0319812140174196,0.10910910079032018,-0.04556607393104506,0.8328962071888495
4334.069146626586,id_1,0.0,0.0699588829532449,0.0342605315884522,0.11434689952702937,-0.047698123666448884,0.833338628085473
4334.088660654643,id_1,0.0,0.0709129310712541,0.036482365465661,0.12085152478770221,-0.04978205164426818,0.8347302005607407
4334.1081746826985,id_1,0.0,0.0717807766320361,0.0386247182077125,0.13016240446647612,-0.052549515993168684,0.835738439257502
4334.127688710755,id_1,0.0,0.072596293262497,0.040709883305887,0.13723021850095643,-0.05662110945917324,0.83589561442087
4334.147202738811,id_1,0.0,0.0734936709980758,0.0427252885893207,0.14492703171113858,-0.05959947242737099,0.8351777906911758
4334.166716766867,id_1,0.0,0.074381338898575,0.0447217344545606,0.15065744816618085,-0.06203934819525437,0.8354607068142198
4334.186230794923,id_1,0.0,0.0752932454416233,0.0466502833937992,0.15566358203101077,-0.06492406752284073,0.8368674253236198
4334.205744822979,id_1,0.0,0.0762161741483849,0.0485376690146186,0.1587730235868151,-0.06852986987352373,0.8390387182037768
4334.2252588510355,id_1,0.0,0.0771574329169428,0.0503723491620665,0.16203118524358512,-0.07370179495172827,0.8421467605276558
4334.244772879091,id_1,0.0,0.0781177184650269,0.0521914048361423,0.16543426990540339,-0.07891807380623478,0.8455454869869293
4334.264286907148,id_1,0.0,0.0790598762999372,0.0539836022746407,0.16799803034424252,-0.08371456268139674,0.848495620945993
4334.2838009352035,id_1,0.0,0.0799940475525226,0.0557725795845801,0.17068456926516043,-0.08785895442340949,0.8510700132327805
4334.30331496326,id_1,0.0,0.0809101074997596,0.0575537938793349,0.17363386199887212,-0.09224184459539855,0.8537984500464185
4334.322828991316,id_1,0.0,0.0818277951790592,0.0593514161838828,0.17633595345679312,-0.09587869195356741,0.8568719635155697
4334.342343019372,id_1,0.0,0.0827244826119959,0.061167619092755,0.17939029731489683,-0.09960480815020006,0.8595418177860197
4334.361857047428,id_1,0.0,0.0835862374595386,0.0630082671277443,0.1838823309654418,-0.10372706668479686,0.8618523816656262
4334.381371075484,id_1,0.0,0.0844000268659292,0.0648104390891227,0.19120144608539996,-0.10956460499213833,0.864064733396574
4334.4008851035405,id_1,0.0,0.0852213127272926,0.0666566750338742,0.1977082844791316,-0.1159917629191579,0.8662250551870224
4334.420399131596,id_1,0.0,0.0860355213925449,0.0685057894124814,0.20561695800786184,-0.12342306416122961,0.8682044223008097
4334.439913159653,id_1,0.0,0.0868810758590775,0.070359169152884,0.2146006987264515,-0.1316366000786974,0.8702394379644218
4334.459427187709,id_1,0.0,0.087767536013663,0.0722025678067803,0.22311000751239957,-0.14022734368064704,0.8718896890374298
4334.478941215765,id_1,0.0,0.0887079393701633,0.0740255451916859,0.23013588033267066,-0.1482879070599798,0.8732725113955955
4334.498455243821,id_1,0.0,0.0897029404718426,0.0758335403889136,0.23690514852989575,-0.15522592279648792,0.8747665275917305
4334.517969271877,id_1,0.0,0.0907335303954448,0.0776113043725874,0.24200041447056758,-0.16180805257439557,0.8749207921615331
4334.537483299933,id_1,0.0,0.0917898813533965,0.0793802073634354,0.2467648053318895,-0.16736638631546194,0.87565951090833
4334.556997327989,id_1,0.0,0.0929183224915511,0.0810184593974511,0.2582430241776767,-0.1731442071792005,0.8754084214563862
4334.576511356046,id_1,0.0,0.0940123646212888,0.0825434907577234,0.2630067394511473,-0.1812163393882072,0.872828697360836
4334.596025384101,id_1,0.0,0.0952077286064886,0.0840990489858078,0.2704521249057458,-0.18553725167388044,0.8710621195063916
4334.615539412158,id_1,0.0,0.0964184480889513,0.0856043832884324,0.2773462724574853,-0.18900116693660315,0.8685725836460041
4334.635053440214,id_1,0.0,0.0975947727985876,0.0870777947831637,0.2838133747929971,-0.19181995897099907,0.8653537879898695
4334.65456746827,id_1,0.0,0.0987200716533932,0.0884967205242196,0.29110222253257806,-0.19508962967429286,0.8618073309108776
4334.674081496326,id_1,0.0,0.0998139328232752,0.0898834001799732,0.29815508299874277,-0.19840436409559264,0.8581184213161064
4334.693595524382,id_1,0.0,0.1008742294629373,0.0912349216502352,0.3038383498749127,-0.2025241183677754,0.8540449219569661
4334.713109552438,id_1,0.0,0.1018430288138289,0.0925163577343675,0.3093126003586743,-0.2073845720038834,0.8498385045634027
4334.732623580494,id_1,0.0,0.1027814300765891,0.0937432146967941,0.3152487876277095,-0.21241983653220078,0.8454916844061313
4334.752137608551,id_1,0.0,0.1036810523822522,0.0949268555242743,0.3215116897581864,-0.21732629065985287,0.8412309253166532
4334.771651636606,id_1,0.0,0.1045928433462485,0.0960334837771432,0.32750086466417305,-0.22185682292697184,0.8372654247567209
4334.791165664663,id_1,0.0,0.1055457665203081,0.0971140227870194,0.3334724616229545,-0.22536305232174683,0.83352904910858
4334.810679692719,id_1,0.0,0.1064293792775002,0.0980822134086834,0.33850617653631115,-0.22906727532837695,0.8300122782197971
4334.830193720774,id_1,0.0,0.1073167723046961,0.0990306214356951,0.34573235425066917,-0.23325915794894886,0.8272576401791919
4334.849707748831,id_1,0.0,0.1082231964971258,0.0999089606219301,0.35263108232033175,-0.2372901997950343,0.8252122620852901
4334.869221776887,id_1,0.0,0.1091607146264964,0.1007262621211464,0.35956626612334597,-0.24095613564914511,0.8240677530264778
4334.888735804943,id_1,0.0,0.1100912109510804,0.1014728441207101,0.3663455141837673,-0.24439890265073264,0.8227473380506104
4334.908249832999,id_1,0.0,0.1110416012605701,0.1021549544901495,0.3726965616569834,-0.24825897042534223,0.8223665512072323
4334.927763861056,id_1,0.0,0.1120360878902352,0.1027827805607061,0.37758889782965305,-0.25223119401352717,0.8225457996049172
4334.947277889111,id_1,0.0,0.1130927519442002,0.1033002592168375,0.38522727837454135,-0.25624511872662653,0.8231440833151659
4334.966791917168,id_1,0.0,0.1141282037858266,0.1037651445252186,0.3919673032576206,-0.2607619402667767,0.8235865767019892
4334.986305945224,id_1,0.0,0.1152072060560396,0.1041578623082877,0.39755518944845764,-0.26496602064113833,0.8242550460295688
4335.005819973279,id_1,0.0,0.1162891500594274,0.1044664508640736,0.39987244877744393,-0.268833329373631,0.8245203043591203
4335.025334001336,id_1,0.0,0.1174717595440011,0.1046432251053517,0.40678166836051277,-0.27039197033220636,0.8296346199566621
4335.044848029392,id_1,0.0,0.1185576888585279,0.1047033539811291,0.4068908849714669,-0.27427699431740044,0.8294375329597248
4335.064362057448,id_1,0.0,0.1195757148718608,0.1045437935956208,0.4076600244972006,-0.2801022894221103,0.8270015315394874
4335.083876085504,id_1,0.0,0.1206952534213316,0.1041528341517655,0.4158288746053733,-0.2844594524972691,0.8289887446686028
4335.103390113561,id_1,0.0,0.1219092821729637,0.10362586124862,0.417078103518723,-0.2895368539427345,0.8310753243777919
4335.122904141616,id_1,0.0,0.1230640629607754,0.1029375634290103,0.4174101398569372,-0.2930398975316804,0.8338836906309869
4335.142418169673,id_1,0.0,0.1242906002013052,0.1020402870018748,0.41608704733772844,-0.29684853217827084,0.8374601810198565
4335.161932197729,id_1,0.0,0.1255473796721457,0.1009523418166485,0.41350859501007325,-0.3001044121022892,0.8416135606473781
4335.181446225784,id_1,0.0,0.1269219416537593,0.0997244967262645,0.410559444261681,-0.30078825673148973,0.8503386799773747
4335.200960253841,id_1,0.0,0.1281709228755389,0.098247606000492,0.4040353114971468,-0.30430652755351195,0.8517778389258078
4335.220474281897,id_1,0.0,0.1295801143287955,0.0967006231640713,0.39818723127210026,-0.30347497574177473,0.8598855259401369
4335.239988309953,id_1,0.0,0.1308946542050487,0.0949704455091533,0.3883089199077648,-0.3042851985742884,0.8602806339964524
4335.259502338009,id_1,0.0,0.1323199850253294,0.0931624329660481,0.3789808313984863,-0.3026803388493886,0.8635359549122622
4335.279016366066,id_1,0.0,0.1337309199877339,0.091270935022597,0.36700166615865787,-0.30058074599446544,0.8653216183880148
4335.298530394121,id_1,0.0,0.1351249197257326,0.0892890517594054,0.3554831549499076,-0.29854326857861396,0.8662927397523994
4335.318044422178,id_1,0.0,0.1364943511183807,0.0871946716566121,0.3418351279616971,-0.29598186565901713,0.8671088502117202
4335.337558450234,id_1,0.0,0.1378586952263649,0.0850561843794056,0.32817903491931644,-0.2932904872752535,0.8673036298440214
4335.357072478289,id_1,0.0,0.139248721046109,0.0828999961652093,0.31483534723097584,-0.2909888030332667,0.8671475767291562
4335.376586506346,id_1,0.0,0.1406449685764956,0.0807081649715845,0.3026734549563216,-0.28780348625090973,0.8670278872322549
4335.396100534402,id_1,0.0,0.1419968917267091,0.0785204538255734,0.2916805785467509,-0.28338458770093583,0.8663983434843185
4335.415614562458,id_1,0.0,0.1432963053793225,0.0762563608428193,0.28092695335340123,-0.28038481984337893,0.8663712241170046
4335.435128590514,id_1,0.0,0.1445905866392779,0.0739923036132615,0.271531758600086,-0.27858800430834296,0.8670178038869546
4335.454642618571,id_1,0.0,0.1458123343208362,0.0717572101773413,0.2528110127607304,-0.2760796367545565,0.8669042883792294
4335.474156646626,id_1,0.0,0.1470415318861488,0.0694103156677896,0.25182353219397197,-0.2735505995365531,0.8672514518456889
4335.493670674683,id_1,0.0,0.1480547270310591,0.0669938438247378,0.24986301378602663,-0.27189454573334587,0.866632778336718
4335.513184702739,id_1,0.0,0.1490468124288645,0.0645987125460998,0.24596931105331818,-0.270581003624727,0.8652862504715477
4335.532698730794,id_1,0.0,0.149852196462914,0.0620980848711103,0.24290567853256062,-0.2696959535435268,0.8611306689784495
4335.552212758851,id_1,0.0,0.1507088221624422,0.0595740553605653,0.2395993510931875,-0.2689217905267862,0.8569652579225182
4335.571726786907,id_1,0.0,0.1514806378917816,0.0570128075768968,0.23598703302749918,-0.2688214923640185,0.8518040778792259
4335.591240814963,id_1,0.0,0.1524022407931696,0.0544241106016173,0.2320106578038337,-0.2691624072594385,0.8498990343388021
4335.610754843019,id_1,0.0,0.1532648725923049,0.0517683355010927,0.22779710111101775,-0.2689608172935919,0.8458729973909876
4335.630268871076,id_1,0.0,0.1543122875032067,0.0490698033895167,0.22352309945025503,-0.2669182054573486,0.8445150572987205
4335.649782899131,id_1,0.0,0.1553415287919305,0.0462861590350531,0.2182291507438661,-0.2640672094380616,0.8440646359942369
4335.669296927188,id_1,0.0,0.1563949975913326,0.0435033919368264,0.21516999290395297,-0.25793469580620765,0.8477416038691337
4335.688810955244,id_1,0.0,0.1574695128807741,0.0404735190016873,0.20966548106924332,-0.254947514383441,0.8480503498171859
4335.7083249832995,id_1,0.0,0.1586310059763329,0.0373886267429563,0.20261505922177558,-0.2501367305546247,0.8489920196287373
4335.727839011356,id_1,0.0,0.1598185920418969,0.0342639330469059,0.19540156568419248,-0.24269704821767127,0.851287671349401
4335.747353039412,id_1,0.0,0.1609573849960748,0.031123251224096,0.18365496352090313,-0.23489900692756752,0.8535328887351707
4335.766867067468,id_1,0.0,0.1620715355652453,0.0278299356616331,0.17700018986374594,-0.22654617017551643,0.8553159957805514
4335.786381095524,id_1,0.0,0.163196519578715,0.0244307582672735,0.1723187533881586,-0.21683518164902962,0.8560706855164846
4335.805895123581,id_1,0.0,0.1642501333465375,0.0210082337170284,0.17053763552999535,-0.20832117443579604,0.8560465951500635
4335.825409151636,id_1,0.0,0.1651808647575711,0.0175769370527747,0.17239817938208576,-0.20275958204395136,0.8568396098000255
4335.844923179693,id_1,0.0,0.1659661337788021,0.0142222417432966,0.16967880865409332,-0.19944684112846334,0.856229989619952
4335.864437207749,id_1,0.0,0.1667842307152545,0.0109162055973698,0.16460550542820201,-0.19293772475678356,0.8546995204880508
4335.8839512358045,id_1,0.0,0.1677030264978428,0.0077202635306184,0.15030718447688143,-0.18382200514908384,0.852940266367858
4335.903465263861,id_1,0.0,0.1685010581769561,0.0044779845591127,0.14154035423333186,-0.17287453612772882,0.8525870259441374
4335.922979291917,id_1,0.0,0.1691692811956152,0.0013402700104547,0.12949494744522724,-0.16298458368675378,0.8523142736039309
4335.942493319973,id_1,0.0,0.169864799040422,-0.0017962353863285,0.1239731773672348,-0.15418960100079984,0.8534265890818427
4335.962007348029,id_1,0.0,0.170626928819789,-0.0047699122005405,0.11828357768987535,-0.1465612140578354,0.8542928145934829
4335.981521376086,id_1,0.0,0.1713702002930931,-0.0076801332421865,0.11857843688300841,-0.1406596355822671,0.856174369215299
4336.0010354041415,id_1,0.0,0.1720439793504128,-0.0105446941415379,0.12077250309878364,-0.13655383751863187,0.8585350037796208
4336.020549432198,id_1,0.0,0.1727340577973337,-0.0133816396673449,0.12283406786425151,-0.13457864774048542,0.8618133351598364
4336.040063460254,id_1,0.0,0.1734591744111,-0.0161385029291393,0.12378065954417591,-0.13249453407068645,0.8649201847151232
4336.0595774883095,id_1,0.0,0.1741152473290544,-0.0187987173653273,0.12216342221357691,-0.1307367059143157,0.8665415381568509
4336.079091516366,id_1,0.0,0.1747120776513547,-0.0214488052309526,0.1175595194499104,-0.1288513012388965,0.8673939807703391
4336.098605544422,id_1,0.0,0.1752139189471544,-0.0241392868194048,0.11647394843673177,-0.1274802429826835,0.8694438035557016
4336.1181195724785,id_1,0.0,0.1756435740658668,-0.0266852515415955,0.1080442715190063,-0.12438823831777966,0.8690991980314182
4336.137633600534,id_1,0.0,0.1760123535543604,-0.0293501941779369,0.10237659395940246,-0.12008208369629197,0.8706881775691914
4336.157147628591,id_1,0.0,0.1765198328727996,-0.0317775513473025,0.08911587972648033,-0.11358782366145274,0.8709108609185603
4336.1766616566465,id_1,0.0,0.1769413207211313,-0.0343290276193297,0.08419395324525697,-0.10661910332490682,0.8722616401793613
4336.196175684703,id_1,0.0,0.1773621412256601,-0.0368555481434387,0.07948922779427407,-0.09921831782484575,0.874114037734825
4336.215689712759,id_1,0.0,0.1777582785357269,-0.0393484282164938,0.07516197919512238,-0.09225745494859351,0.8753431546396471
4336.2352037408145,id_1,0.0,0.1781255423415307,-0.0418034920528163,0.06930963932900108,-0.08525411639305569,0.876364808145821
4336.254717768871,id_1,0.0,0.1784537703063368,-0.0442407649895526,0.06380537780231063,-0.07875944311715213,0.8775569282567444
4336.274231796927,id_1,0.0,0.1787820732700288,-0.0466797192234588,0.05963192492814596,-0.07422452645770539,0.8788571084451698
4336.2937458249835,id_1,0.0,0.1790462396566006,-0.0491301271899906,0.05673623057332584,-0.0723388420478757,0.8808844641271621
4336.313259853039,id_1,0.0,0.1792704328052956,-0.0516040508732316,0.0535035789617077,-0.07151958382185972,0.8832313120583618
4336.332773881096,id_1,0.0,0.1794757597910145,-0.0540779759595392,0.04897790148255606,-0.07010780658120894,0.8862354471630575
4336.3522879091515,id_1,0.0,0.1796360976490677,-0.0565263688701023,0.0432955567133323,-0.06863701971632397,0.8889761736069733
4336.371801937207,id_1,0.0,0.1797387686277933,-0.0590593891754721,0.03966421188029061,-0.06731592514391696,0.892482806938179
4336.391315965264,id_1,0.0,0.1798638954299856,-0.0615708083028255,0.03490183865089773,-0.06620699752288398,0.8933381380072498
4336.41082999332,id_1,0.0,0.1799535294804763,-0.0640926479952583,0.02966848160073718,-0.064620678956412,0.8956786830981661
4336.430344021376,id_1,0.0,0.1800393152176705,-0.066614347449022,0.02388431823471945,-0.06276136324049572,0.896652134890255
4336.449858049432,id_1,0.0,0.1800652213207017,-0.0692017486311531,0.013567558497903072,-0.0593778454069037,0.8997310297215978
4336.4693720774885,id_1,0.0,0.1800486103977483,-0.0717228805646734,0.0053991406836522435,-0.05433415463941711,0.898348166574723
4336.488886105544,id_1,0.0,0.1799901044838019,-0.0741527870942408,-0.010767273997981063,-0.04726819553202189,0.8988077588862861
4336.508400133601,id_1,0.0,0.1799103192295005,-0.0763706189670827,-0.03205467832774415,-0.03755163342164041,0.895319646780374
4336.527914161657,id_1,0.0,0.1798333458830576,-0.0783910185773786,-0.05396120254216489,-0.02738376568119203,0.8939053008266752
4336.547428189712,id_1,0.0,0.1798577940765219,-0.0802599357667884,-0.06698914936940564,-0.017175692895973604,0.8917140831467004
4336.566942217769,id_1,0.0,0.1799330177232136,-0.0819461480740112,-0.06853439909285128,-0.009577755724855416,0.8918204418410958
4336.586456245825,id_1,0.0,0.1800175462134099,-0.0832940201714377,-0.07002926041834545,-0.0043085924351370436,0.8914444028343671
4336.605970273881,id_1,0.0,0.180007554617644,-0.0845246982642869,-0.06476625918075182,-0.0009273847697697584,0.8896269111988215
4336.625484301937,id_1,0.0,0.1800140189168748,-0.0855171973503524,-0.05793005527581085,0.0012895167312137485,0.8880501155997059
4336.6449983299935,id_1,0.0,0.1800923591522718,-0.0864991684946144,-0.055788510536731235,0.007176434434227047,0.8884978398910695
4336.664512358049,id_1,0.0,0.1800599666865827,-0.087218412259598,-0.057163234841332025,0.01188033387882141,0.8872250532356353
4336.684026386106,id_1,0.0,0.1800492384530334,-0.0877964426132441,-0.05757752780817797,0.016313481552812783,0.8861155615869739
4336.703540414162,id_1,0.0,0.1800240367258678,-0.0882445212199024,-0.057756977578292464,0.019740895952308487,0.8855588436887645
4336.723054442217,id_1,0.0,0.1800234841070052,-0.0885730782939256,-0.05483604142438254,0.02208949472842493,0.8851853593551399
4336.742568470274,id_1,0.0,0.180006599640917,-0.0887924344701629,-0.05096191091334151,0.023195582427197985,0.8848545089025601
4336.76208249833,id_1,0.0,0.1799809089589707,-0.088920013509509,-0.046651561874909916,0.023257538553045923,0.8847797403388833
4336.781596526386,id_1,0.0,0.1799610402964915,-0.0889849887201419,-0.043059276943107704,0.0233554147890408,0.8845727077412048
4336.801110554442,id_1,0.0,0.1799546442426075,-0.0889912809414278,-0.03996785338957224,0.023538485367184836,0.8843835539651124
4336.820624582499,id_1,0.0,0.1799401118533285,-0.0889693468328321,-0.0368455461293261,0.023053516984632615,0.8857165698541816
4336.840138610554,id_1,0.0,0.1799538237671648,-0.0889204821911782,-0.033358547005306126,0.022437990413040888,0.8856576443766101
4336.859652638611,id_1,0.0,0.1800040084614513,-0.0888464326415959,-0.029134113000869388,0.02185371562641674,0.8838316776832169
4336.879166666667,id_1,0.0,0.180039017401896,-0.0887804932815198,-0.025409970607679924,0.02126607041415162,0.8837386774958967
